inst#,actual,predicted,error
1,?,0.339,?
2,?,0.335,?
3,?,0.34,?
4,?,0.334,?
5,?,0.339,?
6,?,0.335,?
7,?,0.339,?
8,?,0.337,?
9,?,0.34,?
10,?,0.341,?
11,?,0.335,?
12,?,0.341,?
13,?,0.341,?
14,?,0.34,?
15,?,0.339,?
16,?,0.339,?
17,?,0.341,?
18,?,0.338,?
19,?,0.341,?
20,?,0.334,?
21,?,0.342,?
22,?,0.341,?
23,?,0.34,?
24,?,0.335,?
25,?,0.334,?
26,?,0.334,?
27,?,0.336,?
28,?,0.342,?
29,?,0.337,?
30,?,0.339,?
31,?,0.341,?
32,?,0.338,?
33,?,0.339,?
34,?,0.765,?
35,?,0.761,?
36,?,0.767,?
37,?,0.764,?
38,?,0.767,?
39,?,0.762,?
40,?,0.762,?
41,?,0.765,?
42,?,0.767,?
43,?,0.762,?
44,?,0.768,?
45,?,0.765,?
46,?,0.767,?
47,?,0.768,?
48,?,0.761,?
49,?,0.762,?
50,?,0.767,?
51,?,0.768,?
52,?,0.764,?
53,?,0.766,?
54,?,0.764,?
55,?,0.769,?
56,?,0.77,?
57,?,0.764,?
58,?,0.763,?
59,?,0.761,?
60,?,0.768,?
61,?,0.77,?
62,?,0.767,?
63,?,0.767,?
64,?,0.766,?
65,?,0.765,?
66,?,0.77,?
67,?,1.383,?
68,?,1.381,?
69,?,1.383,?
70,?,1.382,?
71,?,1.379,?
72,?,1.379,?
73,?,1.379,?
74,?,1.383,?
75,?,1.382,?
76,?,1.383,?
77,?,1.379,?
78,?,1.385,?
79,?,1.377,?
80,?,1.383,?
81,?,1.384,?
82,?,1.384,?
83,?,1.379,?
84,?,1.381,?
85,?,1.383,?
86,?,1.382,?
87,?,1.382,?
88,?,1.38,?
89,?,1.383,?
90,?,1.382,?
91,?,1.38,?
92,?,1.38,?
93,?,1.382,?
94,?,1.384,?
95,?,1.385,?
96,?,1.386,?
97,?,1.381,?
98,?,1.381,?
99,?,1.383,?
100,?,2.183,?
101,?,2.187,?
102,?,2.184,?
103,?,2.185,?
104,?,2.187,?
105,?,2.184,?
106,?,2.182,?
107,?,2.183,?
108,?,2.19,?
109,?,2.187,?
110,?,2.187,?
111,?,2.185,?
112,?,2.19,?
113,?,2.189,?
114,?,2.185,?
115,?,2.182,?
116,?,2.19,?
117,?,2.182,?
118,?,2.185,?
119,?,2.185,?
120,?,2.185,?
121,?,2.185,?
122,?,2.183,?
123,?,2.185,?
124,?,2.186,?
125,?,2.185,?
126,?,2.189,?
127,?,2.185,?
128,?,2.182,?
129,?,2.184,?
130,?,2.185,?
131,?,2.182,?
132,?,2.188,?
133,?,3.207,?
134,?,3.205,?
135,?,3.206,?
136,?,3.209,?
137,?,3.207,?
138,?,3.211,?
139,?,3.205,?
140,?,3.208,?
141,?,3.204,?
142,?,3.212,?
143,?,3.21,?
144,?,3.212,?
145,?,3.206,?
146,?,3.21,?
147,?,3.205,?
148,?,3.205,?
149,?,3.21,?
150,?,3.21,?
151,?,3.204,?
152,?,3.212,?
153,?,3.208,?
154,?,3.21,?
155,?,3.205,?
156,?,3.209,?
157,?,3.207,?
158,?,3.207,?
159,?,3.212,?
160,?,3.206,?
161,?,3.21,?
162,?,3.211,?
163,?,3.212,?
164,?,3.211,?
165,?,3.205,?
166,?,4.417,?
167,?,4.419,?
168,?,4.418,?
169,?,4.417,?
170,?,4.419,?
171,?,4.415,?
172,?,4.42,?
173,?,4.411,?
174,?,4.411,?
175,?,4.417,?
176,?,4.417,?
177,?,4.411,?
178,?,4.412,?
179,?,4.418,?
180,?,4.418,?
181,?,4.412,?
182,?,4.418,?
183,?,4.413,?
184,?,4.413,?
185,?,4.419,?
186,?,4.415,?
187,?,4.413,?
188,?,4.417,?
189,?,4.417,?
190,?,4.418,?
191,?,4.416,?
192,?,4.414,?
193,?,4.415,?
194,?,4.418,?
195,?,4.411,?
196,?,4.415,?
197,?,4.418,?
198,?,4.413,?
199,?,5.795,?
200,?,5.795,?
201,?,5.79,?
202,?,5.795,?
203,?,5.792,?
204,?,5.794,?
205,?,5.794,?
206,?,5.788,?
207,?,5.794,?
208,?,5.795,?
209,?,5.791,?
210,?,5.788,?
211,?,5.79,?
212,?,5.794,?
213,?,5.793,?
214,?,5.793,?
215,?,5.792,?
216,?,5.788,?
217,?,5.795,?
218,?,5.79,?
219,?,5.793,?
220,?,5.787,?
221,?,5.792,?
222,?,5.787,?
223,?,5.795,?
224,?,5.791,?
225,?,5.788,?
226,?,5.789,?
227,?,5.791,?
228,?,5.789,?
229,?,5.791,?
230,?,5.794,?
231,?,5.793,?
232,?,7.401,?
233,?,7.408,?
234,?,7.41,?
235,?,7.402,?
236,?,7.409,?
237,?,7.409,?
238,?,7.401,?
239,?,7.405,?
240,?,7.409,?
241,?,7.403,?
242,?,7.407,?
243,?,7.405,?
244,?,7.406,?
245,?,7.406,?
246,?,7.408,?
247,?,7.409,?
248,?,7.406,?
249,?,7.407,?
250,?,7.404,?
251,?,7.408,?
252,?,7.407,?
253,?,7.409,?
254,?,7.405,?
255,?,7.41,?
256,?,7.406,?
257,?,7.41,?
258,?,7.407,?
259,?,7.409,?
260,?,7.402,?
261,?,7.407,?
262,?,7.408,?
263,?,7.401,?
264,?,7.405,?
265,?,9.205,?
266,?,9.201,?
267,?,9.204,?
268,?,9.203,?
269,?,9.2,?
270,?,9.205,?
271,?,9.202,?
272,?,9.201,?
273,?,9.201,?
274,?,9.208,?
275,?,9.204,?
276,?,9.204,?
277,?,9.205,?
278,?,9.2,?
279,?,9.205,?
280,?,9.208,?
281,?,9.201,?
282,?,9.206,?
283,?,9.202,?
284,?,9.207,?
285,?,9.207,?
286,?,9.199,?
287,?,9.203,?
288,?,9.205,?
289,?,9.206,?
290,?,9.203,?
291,?,9.204,?
292,?,9.201,?
293,?,9.2,?
294,?,9.199,?
295,?,9.2,?
296,?,9.204,?
297,?,9.205,?
298,?,11.182,?
299,?,11.181,?
300,?,11.185,?
301,?,11.185,?
302,?,11.184,?
303,?,11.177,?
304,?,11.178,?
305,?,11.178,?
306,?,11.185,?
307,?,11.18,?
308,?,11.177,?
309,?,11.177,?
310,?,11.18,?
311,?,11.178,?
312,?,11.184,?
313,?,11.177,?
314,?,11.18,?
315,?,11.185,?
316,?,11.181,?
317,?,11.184,?
318,?,11.183,?
319,?,11.185,?
320,?,11.185,?
321,?,11.181,?
322,?,11.177,?
323,?,11.18,?
324,?,11.181,?
325,?,11.177,?
326,?,11.183,?
327,?,11.178,?
328,?,11.185,?
329,?,11.177,?
330,?,11.183,?
331,?,13.345,?
332,?,13.349,?
333,?,13.346,?
334,?,13.341,?
335,?,13.342,?
336,?,13.344,?
337,?,13.347,?
338,?,13.343,?
339,?,13.341,?
340,?,13.343,?
341,?,13.348,?
342,?,13.345,?
343,?,13.343,?
344,?,13.35,?
345,?,13.343,?
346,?,13.342,?
347,?,13.341,?
348,?,13.349,?
349,?,13.345,?
350,?,13.344,?
351,?,13.342,?
352,?,13.346,?
353,?,13.349,?
354,?,13.343,?
355,?,13.348,?
356,?,13.343,?
357,?,13.349,?
358,?,13.345,?
359,?,13.35,?
360,?,13.346,?
361,?,13.345,?
362,?,13.349,?
363,?,13.341,?
364,?,15.721,?
365,?,15.718,?
366,?,15.72,?
367,?,15.719,?
368,?,15.724,?
369,?,15.72,?
370,?,15.725,?
371,?,15.722,?
372,?,15.724,?
373,?,15.725,?
374,?,15.72,?
375,?,15.723,?
376,?,15.724,?
377,?,15.721,?
378,?,15.722,?
379,?,15.719,?
380,?,15.724,?
381,?,15.721,?
382,?,15.725,?
383,?,15.718,?
384,?,15.723,?
385,?,15.725,?
386,?,15.721,?
387,?,15.724,?
388,?,15.72,?
389,?,15.719,?
390,?,15.725,?
391,?,15.719,?
392,?,15.724,?
393,?,15.72,?
394,?,15.724,?
395,?,15.718,?
396,?,15.725,?
397,?,18.263,?
398,?,18.261,?
399,?,18.261,?
400,?,18.26,?
401,?,18.258,?
402,?,18.263,?
403,?,18.265,?
404,?,18.263,?
405,?,18.265,?
406,?,18.261,?
407,?,18.266,?
408,?,18.262,?
409,?,18.26,?
410,?,18.265,?
411,?,18.26,?
412,?,18.26,?
413,?,18.265,?
414,?,18.267,?
415,?,18.263,?
416,?,18.259,?
417,?,18.261,?
418,?,18.266,?
419,?,18.264,?
420,?,18.26,?
421,?,18.264,?
422,?,18.26,?
423,?,18.261,?
424,?,18.265,?
425,?,18.266,?
426,?,18.26,?
427,?,18.259,?
428,?,18.259,?
429,?,18.258,?
430,?,21.072,?
431,?,21.067,?
432,?,21.069,?
433,?,21.067,?
434,?,21.07,?
435,?,21.069,?
436,?,21.066,?
437,?,21.071,?
438,?,21.069,?
439,?,21.068,?
440,?,21.071,?
441,?,21.069,?
442,?,21.07,?
443,?,21.066,?
444,?,21.067,?
445,?,21.069,?
446,?,21.069,?
447,?,21.068,?
448,?,21.072,?
449,?,21.069,?
450,?,21.07,?
451,?,21.068,?
452,?,21.068,?
453,?,21.072,?
454,?,21.066,?
455,?,21.071,?
456,?,21.065,?
457,?,21.07,?
458,?,21.065,?
459,?,21.064,?
460,?,21.07,?
461,?,21.066,?
462,?,21.065,?
463,?,23.959,?
464,?,23.961,?
465,?,23.96,?
466,?,23.959,?
467,?,23.967,?
468,?,23.966,?
469,?,23.96,?
470,?,23.959,?
471,?,23.959,?
472,?,23.963,?
473,?,23.962,?
474,?,23.959,?
475,?,23.963,?
476,?,23.961,?
477,?,23.964,?
478,?,23.959,?
479,?,23.962,?
480,?,23.965,?
481,?,23.961,?
482,?,23.965,?
483,?,23.959,?
484,?,23.965,?
485,?,23.965,?
486,?,23.965,?
487,?,23.962,?
488,?,23.963,?
489,?,23.959,?
490,?,23.96,?
491,?,23.959,?
492,?,23.958,?
493,?,23.967,?
494,?,23.961,?
495,?,23.967,?
496,?,27.249,?
497,?,27.241,?
498,?,27.244,?
499,?,27.242,?
500,?,27.241,?
501,?,27.25,?
502,?,27.243,?
503,?,27.245,?
504,?,27.246,?
505,?,27.249,?
506,?,27.246,?
507,?,27.242,?
508,?,27.241,?
509,?,27.246,?
510,?,27.245,?
511,?,27.242,?
512,?,27.249,?
513,?,27.241,?
514,?,27.241,?
515,?,27.249,?
516,?,27.244,?
517,?,27.244,?
518,?,27.242,?
519,?,27.243,?
520,?,27.243,?
521,?,27.245,?
522,?,27.248,?
523,?,27.243,?
524,?,27.241,?
525,?,27.242,?
526,?,27.249,?
527,?,27.245,?
528,?,27.243,?
529,?,30.459,?
530,?,30.456,?
531,?,30.454,?
532,?,30.454,?
533,?,30.458,?
534,?,30.453,?
535,?,30.454,?
536,?,30.456,?
537,?,30.454,?
538,?,30.461,?
539,?,30.457,?
540,?,30.459,?
541,?,30.455,?
542,?,30.453,?
543,?,30.457,?
544,?,30.455,?
545,?,30.457,?
546,?,30.459,?
547,?,30.453,?
548,?,30.461,?
549,?,30.458,?
550,?,30.455,?
551,?,30.455,?
552,?,30.46,?
553,?,30.458,?
554,?,30.46,?
555,?,30.458,?
556,?,30.453,?
557,?,30.456,?
558,?,30.455,?
559,?,30.457,?
560,?,30.461,?
561,?,30.456,?
562,?,34.02,?
563,?,34.015,?
564,?,34.02,?
565,?,34.018,?
566,?,34.019,?
567,?,34.018,?
568,?,34.019,?
569,?,34.014,?
570,?,34.016,?
571,?,34.014,?
572,?,34.014,?
573,?,34.016,?
574,?,34.015,?
575,?,34.018,?
576,?,34.02,?
577,?,34.02,?
578,?,34.014,?
579,?,34.018,?
580,?,34.02,?
581,?,34.017,?
582,?,34.016,?
583,?,34.02,?
584,?,34.012,?
585,?,34.014,?
586,?,34.016,?
587,?,34.018,?
588,?,34.014,?
589,?,34.012,?
590,?,34.013,?
591,?,34.016,?
592,?,34.016,?
593,?,34.017,?
594,?,34.013,?
595,?,37.598,?
596,?,37.6,?
597,?,37.6,?
598,?,37.598,?
599,?,37.597,?
600,?,37.603,?
601,?,37.596,?
602,?,37.6,?
603,?,37.596,?
604,?,37.6,?
605,?,37.596,?
606,?,37.601,?
607,?,37.595,?
608,?,37.595,?
609,?,37.596,?
610,?,37.595,?
611,?,37.599,?
612,?,37.6,?
613,?,37.594,?
614,?,37.602,?
615,?,37.597,?
616,?,37.596,?
617,?,37.6,?
618,?,37.6,?
619,?,37.598,?
620,?,37.597,?
621,?,37.599,?
622,?,37.6,?
623,?,37.596,?
624,?,37.598,?
625,?,37.601,?
626,?,37.597,?
627,?,37.595,?
628,?,41.535,?
629,?,41.54,?
630,?,41.54,?
631,?,41.54,?
632,?,41.537,?
633,?,41.533,?
634,?,41.532,?
635,?,41.535,?
636,?,41.533,?
637,?,41.537,?
638,?,41.532,?
639,?,41.54,?
640,?,41.534,?
641,?,41.532,?
642,?,41.54,?
643,?,41.535,?
644,?,41.538,?
645,?,41.535,?
646,?,41.538,?
647,?,41.54,?
648,?,41.537,?
649,?,41.538,?
650,?,41.541,?
651,?,41.535,?
652,?,41.534,?
653,?,41.532,?
654,?,41.539,?
655,?,41.535,?
656,?,41.535,?
657,?,41.54,?
658,?,41.536,?
659,?,41.533,?
660,?,41.54,?
661,?,45.655,?
662,?,45.658,?
663,?,45.66,?
664,?,45.653,?
665,?,45.66,?
666,?,45.661,?
667,?,45.66,?
668,?,45.653,?
669,?,45.659,?
670,?,45.66,?
671,?,45.662,?
672,?,45.66,?
673,?,45.655,?
674,?,45.655,?
675,?,45.655,?
676,?,45.66,?
677,?,45.657,?
678,?,45.654,?
679,?,45.661,?
680,?,45.657,?
681,?,45.655,?
682,?,45.655,?
683,?,45.659,?
684,?,45.66,?
685,?,45.659,?
686,?,45.653,?
687,?,45.661,?
688,?,45.655,?
689,?,45.657,?
690,?,45.659,?
691,?,45.659,?
692,?,45.66,?
693,?,45.653,?
694,?,49.859,?
695,?,49.86,?
696,?,49.86,?
697,?,49.857,?
698,?,49.858,?
699,?,49.86,?
700,?,49.86,?
701,?,49.862,?
702,?,49.863,?
703,?,49.856,?
704,?,49.86,?
705,?,49.859,?
706,?,49.861,?
707,?,49.861,?
708,?,49.856,?
709,?,49.855,?
710,?,49.855,?
711,?,49.858,?
712,?,49.855,?
713,?,49.854,?
714,?,49.855,?
715,?,49.86,?
716,?,49.861,?
717,?,49.862,?
718,?,49.862,?
719,?,49.859,?
720,?,49.861,?
721,?,49.859,?
722,?,49.859,?
723,?,49.861,?
724,?,49.863,?
725,?,49.859,?
726,?,49.858,?
727,?,54.276,?
728,?,54.272,?
729,?,54.277,?
730,?,54.27,?
731,?,54.27,?
732,?,54.277,?
733,?,54.275,?
734,?,54.275,?
735,?,54.269,?
736,?,54.272,?
737,?,54.275,?
738,?,54.274,?
739,?,54.277,?
740,?,54.273,?
741,?,54.273,?
742,?,54.271,?
743,?,54.274,?
744,?,54.273,?
745,?,54.273,?
746,?,54.272,?
747,?,54.272,?
748,?,54.273,?
749,?,54.275,?
750,?,54.276,?
751,?,54.277,?
752,?,54.271,?
753,?,54.273,?
754,?,54.275,?
755,?,54.27,?
756,?,54.271,?
757,?,54.277,?
758,?,54.27,?
759,?,54.269,?
760,?,58.898,?
761,?,58.899,?
762,?,58.901,?
763,?,58.902,?
764,?,58.904,?
765,?,58.901,?
766,?,58.901,?
767,?,58.903,?
768,?,58.899,?
769,?,58.901,?
770,?,58.904,?
771,?,58.901,?
772,?,58.9,?
773,?,58.898,?
774,?,58.901,?
775,?,58.901,?
776,?,58.898,?
777,?,58.906,?
778,?,58.901,?
779,?,58.906,?
780,?,58.898,?
781,?,58.901,?
782,?,58.9,?
783,?,58.903,?
784,?,58.899,?
785,?,58.902,?
786,?,58.901,?
787,?,58.898,?
788,?,58.9,?
789,?,58.901,?
790,?,58.904,?
791,?,58.905,?
792,?,58.899,?
793,?,63.733,?
794,?,63.734,?
795,?,63.737,?
796,?,63.734,?
797,?,63.735,?
798,?,63.735,?
799,?,63.731,?
800,?,63.738,?
801,?,63.73,?
802,?,63.738,?
803,?,63.735,?
804,?,63.737,?
805,?,63.738,?
806,?,63.736,?
807,?,63.73,?
808,?,63.735,?
809,?,63.734,?
810,?,63.731,?
811,?,63.737,?
812,?,63.734,?
813,?,63.736,?
814,?,63.731,?
815,?,63.732,?
816,?,63.737,?
817,?,63.735,?
818,?,63.737,?
819,?,63.738,?
820,?,63.739,?
821,?,63.739,?
822,?,63.73,?
823,?,63.737,?
824,?,63.73,?
825,?,63.731,?
826,?,68.882,?
827,?,68.878,?
828,?,68.879,?
829,?,68.879,?
830,?,68.885,?
831,?,68.885,?
832,?,68.88,?
833,?,68.886,?
834,?,68.884,?
835,?,68.884,?
836,?,68.882,?
837,?,68.879,?
838,?,68.88,?
839,?,68.879,?
840,?,68.885,?
841,?,68.882,?
842,?,68.883,?
843,?,68.883,?
844,?,68.885,?
845,?,68.882,?
846,?,68.882,?
847,?,68.883,?
848,?,68.88,?
849,?,68.883,?
850,?,68.878,?
851,?,68.883,?
852,?,68.879,?
853,?,68.885,?
854,?,68.884,?
855,?,68.879,?
856,?,68.88,?
857,?,68.878,?
858,?,68.885,?
859,?,73.863,?
860,?,73.871,?
861,?,73.869,?
862,?,73.868,?
863,?,73.865,?
864,?,73.865,?
865,?,73.871,?
866,?,73.864,?
867,?,73.868,?
868,?,73.87,?
869,?,73.866,?
870,?,73.866,?
871,?,73.863,?
872,?,73.866,?
873,?,73.871,?
874,?,73.862,?
875,?,73.865,?
876,?,73.865,?
877,?,73.864,?
878,?,73.864,?
879,?,73.865,?
880,?,73.864,?
881,?,73.869,?
882,?,73.864,?
883,?,73.87,?
884,?,73.864,?
885,?,73.867,?
886,?,73.868,?
887,?,73.868,?
888,?,73.866,?
889,?,73.865,?
890,?,73.863,?
891,?,73.867,?
892,?,79.473,?
893,?,79.479,?
894,?,79.478,?
895,?,79.479,?
896,?,79.48,?
897,?,79.474,?
898,?,79.478,?
899,?,79.472,?
900,?,79.472,?
901,?,79.479,?
902,?,79.473,?
903,?,79.478,?
904,?,79.48,?
905,?,79.479,?
906,?,79.477,?
907,?,79.472,?
908,?,79.48,?
909,?,79.476,?
910,?,79.476,?
911,?,79.475,?
912,?,79.48,?
913,?,79.478,?
914,?,79.476,?
915,?,79.472,?
916,?,79.48,?
917,?,79.473,?
918,?,79.479,?
919,?,79.475,?
920,?,79.478,?
921,?,79.48,?
922,?,79.475,?
923,?,79.474,?
924,?,79.474,?
925,?,84.899,?
926,?,84.896,?
927,?,84.894,?
928,?,84.895,?
929,?,84.897,?
930,?,84.894,?
931,?,84.893,?
932,?,84.897,?
933,?,84.896,?
934,?,84.892,?
935,?,84.895,?
936,?,84.897,?
937,?,84.896,?
938,?,84.896,?
939,?,84.896,?
940,?,84.898,?
941,?,84.896,?
942,?,84.892,?
943,?,84.892,?
944,?,84.896,?
945,?,84.891,?
946,?,84.893,?
947,?,84.895,?
948,?,84.894,?
949,?,84.892,?
950,?,84.894,?
951,?,84.897,?
952,?,84.899,?
953,?,84.895,?
954,?,84.895,?
955,?,84.896,?
956,?,84.895,?
957,?,84.892,?
958,?,90.946,?
959,?,90.952,?
960,?,90.95,?
961,?,90.954,?
962,?,90.951,?
963,?,90.952,?
964,?,90.951,?
965,?,90.953,?
966,?,90.947,?
967,?,90.954,?
968,?,90.95,?
969,?,90.952,?
970,?,90.947,?
971,?,90.949,?
972,?,90.952,?
973,?,90.95,?
974,?,90.948,?
975,?,90.95,?
976,?,90.949,?
977,?,90.951,?
978,?,90.95,?
979,?,90.949,?
980,?,90.95,?
981,?,90.951,?
982,?,90.953,?
983,?,90.952,?
984,?,90.952,?
985,?,90.953,?
986,?,90.954,?
987,?,90.949,?
988,?,90.954,?
989,?,90.946,?
990,?,90.948,?
991,?,96.721,?
992,?,96.717,?
993,?,96.719,?
994,?,96.714,?
995,?,96.72,?
996,?,96.72,?
997,?,96.72,?
998,?,96.715,?
999,?,96.72,?
1000,?,96.718,?
1001,?,96.717,?
1002,?,96.713,?
1003,?,96.717,?
1004,?,96.716,?
1005,?,96.715,?
1006,?,96.718,?
1007,?,96.717,?
1008,?,96.716,?
1009,?,96.715,?
1010,?,96.718,?
1011,?,96.713,?
1012,?,96.718,?
1013,?,96.718,?
1014,?,96.722,?
1015,?,96.718,?
1016,?,96.721,?
1017,?,96.72,?
1018,?,96.72,?
1019,?,96.719,?
1020,?,96.715,?
1021,?,96.719,?
1022,?,96.718,?
1023,?,96.714,?
1024,?,102.846,?
1025,?,102.847,?
1026,?,102.843,?
1027,?,102.845,?
1028,?,102.848,?
1029,?,102.843,?
1030,?,102.843,?
1031,?,102.842,?
1032,?,102.849,?
1033,?,102.845,?
1034,?,102.846,?
1035,?,102.846,?
1036,?,102.849,?
1037,?,102.85,?
1038,?,102.846,?
1039,?,102.845,?
1040,?,102.844,?
1041,?,102.848,?
1042,?,102.849,?
1043,?,102.847,?
1044,?,102.845,?
1045,?,102.847,?
1046,?,102.85,?
1047,?,102.843,?
1048,?,102.85,?
1049,?,102.851,?
1050,?,102.844,?
1051,?,102.85,?
1052,?,102.848,?
1053,?,102.848,?
1054,?,102.849,?
1055,?,102.85,?
1056,?,102.849,?
1057,?,109.203,?
1058,?,109.205,?
1059,?,109.206,?
1060,?,109.209,?
1061,?,109.209,?
1062,?,109.204,?
1063,?,109.206,?
1064,?,109.205,?
1065,?,109.205,?
1066,?,109.209,?
1067,?,109.206,?
1068,?,109.203,?
1069,?,109.202,?
1070,?,109.205,?
1071,?,109.209,?
1072,?,109.204,?
1073,?,109.208,?
1074,?,109.204,?
1075,?,109.204,?
1076,?,109.202,?
1077,?,109.201,?
1078,?,109.201,?
1079,?,109.205,?
1080,?,109.202,?
1081,?,109.209,?
1082,?,109.209,?
1083,?,109.208,?
1084,?,109.205,?
1085,?,109.206,?
1086,?,109.206,?
1087,?,109.202,?
1088,?,109.206,?
1089,?,109.205,?
1090,?,115.917,?
1091,?,115.918,?
1092,?,115.915,?
1093,?,115.92,?
1094,?,115.917,?
1095,?,115.923,?
1096,?,115.921,?
1097,?,115.921,?
1098,?,115.914,?
1099,?,115.92,?
1100,?,115.914,?
1101,?,115.92,?
1102,?,115.918,?
1103,?,115.918,?
1104,?,115.92,?
1105,?,115.914,?
1106,?,115.916,?
1107,?,115.916,?
1108,?,115.917,?
1109,?,115.916,?
1110,?,115.916,?
1111,?,115.922,?
1112,?,115.916,?
1113,?,115.92,?
1114,?,115.919,?
1115,?,115.917,?
1116,?,115.922,?
1117,?,115.919,?
1118,?,115.917,?
1119,?,115.919,?
1120,?,115.921,?
1121,?,115.92,?
1122,?,115.92,?
1123,?,122.063,?
1124,?,122.065,?
1125,?,122.061,?
1126,?,122.069,?
1127,?,122.067,?
1128,?,122.061,?
1129,?,122.067,?
1130,?,122.07,?
1131,?,122.063,?
1132,?,122.066,?
1133,?,122.068,?
1134,?,122.062,?
1135,?,122.062,?
1136,?,122.068,?
1137,?,122.067,?
1138,?,122.064,?
1139,?,122.066,?
1140,?,122.069,?
1141,?,122.07,?
1142,?,122.061,?
1143,?,122.067,?
1144,?,122.065,?
1145,?,122.069,?
1146,?,122.066,?
1147,?,122.066,?
1148,?,122.065,?
1149,?,122.068,?
1150,?,122.07,?
1151,?,122.063,?
1152,?,122.062,?
1153,?,122.061,?
1154,?,122.063,?
1155,?,122.069,?
1156,?,129.113,?
1157,?,129.111,?
1158,?,129.107,?
1159,?,129.11,?
1160,?,129.11,?
1161,?,129.106,?
1162,?,129.109,?
1163,?,129.11,?
1164,?,129.107,?
1165,?,129.114,?
1166,?,129.113,?
1167,?,129.11,?
1168,?,129.114,?
1169,?,129.109,?
1170,?,129.114,?
1171,?,129.106,?
1172,?,129.109,?
1173,?,129.109,?
1174,?,129.113,?
1175,?,129.114,?
1176,?,129.107,?
1177,?,129.115,?
1178,?,129.109,?
1179,?,129.106,?
1180,?,129.113,?
1181,?,129.11,?
1182,?,129.114,?
1183,?,129.111,?
1184,?,129.109,?
1185,?,129.11,?
1186,?,129.113,?
1187,?,129.107,?
1188,?,129.11,?
1189,?,136.72,?
1190,?,136.725,?
1191,?,136.725,?
1192,?,136.721,?
1193,?,136.72,?
1194,?,136.718,?
1195,?,136.725,?
1196,?,136.721,?
1197,?,136.718,?
1198,?,136.72,?
1199,?,136.725,?
1200,?,136.726,?
1201,?,136.718,?
1202,?,136.721,?
1203,?,136.722,?
1204,?,136.718,?
1205,?,136.724,?
1206,?,136.721,?
1207,?,136.721,?
1208,?,136.724,?
1209,?,136.723,?
1210,?,136.724,?
1211,?,136.722,?
1212,?,136.717,?
1213,?,136.72,?
1214,?,136.717,?
1215,?,136.723,?
1216,?,136.717,?
1217,?,136.725,?
1218,?,136.72,?
1219,?,136.72,?
1220,?,136.725,?
1221,?,136.722,?
1222,?,145.078,?
1223,?,145.07,?
1224,?,145.072,?
1225,?,145.073,?
1226,?,145.074,?
1227,?,145.075,?
1228,?,145.073,?
1229,?,145.07,?
1230,?,145.075,?
1231,?,145.075,?
1232,?,145.078,?
1233,?,145.077,?
1234,?,145.072,?
1235,?,145.078,?
1236,?,145.077,?
1237,?,145.078,?
1238,?,145.072,?
1239,?,145.07,?
1240,?,145.072,?
1241,?,145.071,?
1242,?,145.073,?
1243,?,145.075,?
1244,?,145.076,?
1245,?,145.075,?
1246,?,145.071,?
1247,?,145.073,?
1248,?,145.072,?
1249,?,145.073,?
1250,?,145.072,?
1251,?,145.072,?
1252,?,145.078,?
1253,?,145.076,?
1254,?,145.074,?
1255,?,157.854,?
1256,?,157.856,?
1257,?,157.856,?
1258,?,157.855,?
1259,?,157.857,?
1260,?,157.852,?
1261,?,157.852,?
1262,?,157.855,?
1263,?,157.857,?
1264,?,157.86,?
1265,?,157.853,?
1266,?,157.855,?
1267,?,157.855,?
1268,?,157.859,?
1269,?,157.855,?
1270,?,157.852,?
1271,?,157.858,?
1272,?,157.86,?
1273,?,157.855,?
1274,?,157.857,?
1275,?,157.854,?
1276,?,157.859,?
1277,?,157.852,?
1278,?,157.856,?
1279,?,157.86,?
1280,?,157.86,?
1281,?,157.86,?
1282,?,157.855,?
1283,?,157.855,?
1284,?,157.857,?
1285,?,157.86,?
1286,?,157.853,?
1287,?,157.86,?
1288,?,164.642,?
1289,?,164.635,?
1290,?,164.642,?
1291,?,164.638,?
1292,?,164.64,?
1293,?,164.636,?
1294,?,164.636,?
1295,?,164.637,?
1296,?,164.641,?
1297,?,164.637,?
1298,?,164.635,?
1299,?,164.638,?
1300,?,164.641,?
1301,?,164.64,?
1302,?,164.635,?
1303,?,164.642,?
1304,?,164.634,?
1305,?,164.64,?
1306,?,164.638,?
1307,?,164.635,?
1308,?,164.634,?
1309,?,164.635,?
1310,?,164.639,?
1311,?,164.639,?
1312,?,164.641,?
1313,?,164.639,?
1314,?,164.635,?
1315,?,164.637,?
1316,?,164.634,?
1317,?,164.642,?
1318,?,164.638,?
1319,?,164.64,?
1320,?,164.642,?
1321,?,174.566,?
1322,?,174.565,?
1323,?,174.561,?
1324,?,174.566,?
1325,?,174.565,?
1326,?,174.566,?
1327,?,174.562,?
1328,?,174.568,?
1329,?,174.566,?
1330,?,174.562,?
1331,?,174.563,?
1332,?,174.564,?
1333,?,174.56,?
1334,?,174.566,?
1335,?,174.564,?
1336,?,174.562,?
1337,?,174.564,?
1338,?,174.567,?
1339,?,174.563,?
1340,?,174.562,?
1341,?,174.565,?
1342,?,174.568,?
1343,?,174.566,?
1344,?,174.568,?
1345,?,174.564,?
1346,?,174.568,?
1347,?,174.564,?
1348,?,174.566,?
1349,?,174.562,?
1350,?,174.565,?
1351,?,174.562,?
1352,?,174.562,?
1353,?,174.568,?
1354,?,183.41,?
1355,?,183.411,?
1356,?,183.415,?
1357,?,183.408,?
1358,?,183.41,?
1359,?,183.41,?
1360,?,183.412,?
1361,?,183.408,?
1362,?,183.41,?
1363,?,183.412,?
1364,?,183.408,?
1365,?,183.409,?
1366,?,183.41,?
1367,?,183.414,?
1368,?,183.416,?
1369,?,183.409,?
1370,?,183.411,?
1371,?,183.414,?
1372,?,183.413,?
1373,?,183.411,?
1374,?,183.416,?
1375,?,183.41,?
1376,?,183.41,?
1377,?,183.415,?
1378,?,183.416,?
1379,?,183.412,?
1380,?,183.414,?
1381,?,183.409,?
1382,?,183.414,?
1383,?,183.41,?
1384,?,183.41,?
1385,?,183.411,?
1386,?,183.413,?
1387,?,196.983,?
1388,?,196.977,?
1389,?,196.983,?
1390,?,196.977,?
1391,?,196.978,?
1392,?,196.979,?
1393,?,196.982,?
1394,?,196.98,?
1395,?,196.979,?
1396,?,196.98,?
1397,?,196.976,?
1398,?,196.983,?
1399,?,196.979,?
1400,?,196.975,?
1401,?,196.978,?
1402,?,196.976,?
1403,?,196.979,?
1404,?,196.983,?
1405,?,196.978,?
1406,?,196.975,?
1407,?,196.982,?
1408,?,196.977,?
1409,?,196.976,?
1410,?,196.977,?
1411,?,196.977,?
1412,?,196.979,?
1413,?,196.977,?
1414,?,196.975,?
1415,?,196.975,?
1416,?,196.981,?
1417,?,196.975,?
1418,?,196.976,?
1419,?,196.976,?
1420,?,198.038,?
1421,?,198.043,?
1422,?,198.039,?
1423,?,198.045,?
1424,?,198.045,?
1425,?,198.038,?
1426,?,198.044,?
1427,?,198.038,?
1428,?,198.038,?
1429,?,198.043,?
1430,?,198.043,?
1431,?,198.038,?
1432,?,198.045,?
1433,?,198.045,?
1434,?,198.044,?
1435,?,198.037,?
1436,?,198.042,?
1437,?,198.039,?
1438,?,198.04,?
1439,?,198.045,?
1440,?,198.038,?
1441,?,198.044,?
1442,?,198.039,?
1443,?,198.045,?
1444,?,198.042,?
1445,?,198.043,?
1446,?,198.039,?
1447,?,198.037,?
1448,?,198.044,?
1449,?,198.04,?
1450,?,198.045,?
1451,?,198.04,?
1452,?,198.044,?
1453,?,211.995,?
1454,?,211.989,?
1455,?,211.989,?
1456,?,211.995,?
1457,?,211.993,?
1458,?,211.993,?
1459,?,211.993,?
1460,?,211.991,?
1461,?,211.988,?
1462,?,211.992,?
1463,?,211.991,?
1464,?,211.99,?
1465,?,211.995,?
1466,?,211.995,?
1467,?,211.992,?
1468,?,211.994,?
1469,?,211.988,?
1470,?,211.988,?
1471,?,211.989,?
1472,?,211.99,?
1473,?,211.987,?
1474,?,211.991,?
1475,?,211.995,?
1476,?,211.993,?
1477,?,211.994,?
1478,?,211.995,?
1479,?,211.993,?
1480,?,211.994,?
1481,?,211.987,?
1482,?,211.995,?
1483,?,211.991,?
1484,?,211.989,?
1485,?,211.989,?
1486,?,216.801,?
1487,?,216.798,?
1488,?,216.805,?
1489,?,216.8,?
1490,?,216.798,?
1491,?,216.801,?
1492,?,216.802,?
1493,?,216.798,?
1494,?,216.8,?
1495,?,216.798,?
1496,?,216.801,?
1497,?,216.801,?
1498,?,216.8,?
1499,?,216.801,?
1500,?,216.8,?
1501,?,216.803,?
1502,?,216.798,?
1503,?,216.804,?
1504,?,216.796,?
1505,?,216.796,?
1506,?,216.8,?
1507,?,216.801,?
1508,?,216.8,?
1509,?,216.797,?
1510,?,216.802,?
1511,?,216.799,?
1512,?,216.797,?
1513,?,216.799,?
1514,?,216.803,?
1515,?,216.805,?
1516,?,216.8,?
1517,?,216.8,?
1518,?,216.804,?
1519,?,226.495,?
1520,?,226.494,?
1521,?,226.493,?
1522,?,226.487,?
1523,?,226.494,?
1524,?,226.487,?
1525,?,226.489,?
1526,?,226.487,?
1527,?,226.489,?
1528,?,226.488,?
1529,?,226.487,?
1530,?,226.491,?
1531,?,226.495,?
1532,?,226.495,?
1533,?,226.495,?
1534,?,226.49,?
1535,?,226.49,?
1536,?,226.488,?
1537,?,226.487,?
1538,?,226.488,?
1539,?,226.495,?
1540,?,226.49,?
1541,?,226.491,?
1542,?,226.491,?
1543,?,226.488,?
1544,?,226.487,?
1545,?,226.495,?
1546,?,226.494,?
1547,?,226.494,?
1548,?,226.494,?
1549,?,226.488,?
1550,?,226.493,?
1551,?,226.493,?
1552,?,230.278,?
1553,?,230.277,?
1554,?,230.285,?
1555,?,230.283,?
1556,?,230.282,?
1557,?,230.284,?
1558,?,230.282,?
1559,?,230.283,?
1560,?,230.278,?
1561,?,230.283,?
1562,?,230.283,?
1563,?,230.281,?
1564,?,230.278,?
1565,?,230.277,?
1566,?,230.284,?
1567,?,230.281,?
1568,?,230.28,?
1569,?,230.284,?
1570,?,230.279,?
1571,?,230.277,?
1572,?,230.281,?
1573,?,230.284,?
1574,?,230.28,?
1575,?,230.282,?
1576,?,230.285,?
1577,?,230.279,?
1578,?,230.28,?
1579,?,230.281,?
1580,?,230.279,?
1581,?,230.284,?
1582,?,230.281,?
1583,?,230.28,?
1584,?,230.285,?
1585,?,245.558,?
1586,?,245.55,?
1587,?,245.556,?
1588,?,245.551,?
1589,?,245.556,?
1590,?,245.55,?
1591,?,245.554,?
1592,?,245.554,?
1593,?,245.55,?
1594,?,245.556,?
1595,?,245.551,?
1596,?,245.551,?
1597,?,245.55,?
1598,?,245.554,?
1599,?,245.555,?
1600,?,245.549,?
1601,?,245.55,?
1602,?,245.55,?
1603,?,245.555,?
1604,?,245.553,?
1605,?,245.555,?
1606,?,245.55,?
1607,?,245.556,?
1608,?,245.556,?
1609,?,245.554,?
1610,?,245.55,?
1611,?,245.554,?
1612,?,245.555,?
1613,?,245.555,?
1614,?,245.552,?
1615,?,245.551,?
1616,?,245.55,?
1617,?,245.557,?
1618,?,254.547,?
1619,?,254.552,?
1620,?,254.55,?
1621,?,254.548,?
1622,?,254.552,?
1623,?,254.554,?
1624,?,254.549,?
1625,?,254.549,?
1626,?,254.551,?
1627,?,254.548,?
1628,?,254.549,?
1629,?,254.55,?
1630,?,254.55,?
1631,?,254.551,?
1632,?,254.554,?
1633,?,254.55,?
1634,?,254.552,?
1635,?,254.547,?
1636,?,254.549,?
1637,?,254.554,?
1638,?,254.554,?
1639,?,254.548,?
1640,?,254.551,?
1641,?,254.553,?
1642,?,254.549,?
1643,?,254.552,?
1644,?,254.546,?
1645,?,254.554,?
1646,?,254.553,?
1647,?,254.548,?
1648,?,254.546,?
1649,?,254.548,?
1650,?,254.552,?
1651,?,255.9,?
1652,?,255.893,?
1653,?,255.896,?
1654,?,255.895,?
1655,?,255.893,?
1656,?,255.895,?
1657,?,255.898,?
1658,?,255.9,?
1659,?,255.894,?
1660,?,255.9,?
1661,?,255.9,?
1662,?,255.898,?
1663,?,255.893,?
1664,?,255.895,?
1665,?,255.896,?
1666,?,255.896,?
1667,?,255.9,?
1668,?,255.897,?
1669,?,255.898,?
1670,?,255.895,?
1671,?,255.896,?
1672,?,255.895,?
1673,?,255.893,?
1674,?,255.893,?
1675,?,255.897,?
1676,?,255.897,?
1677,?,255.9,?
1678,?,255.898,?
1679,?,255.9,?
1680,?,255.896,?
1681,?,255.897,?
1682,?,255.899,?
1683,?,255.895,?
1684,?,266.044,?
1685,?,266.039,?
1686,?,266.04,?
1687,?,266.043,?
1688,?,266.038,?
1689,?,266.045,?
1690,?,266.046,?
1691,?,266.043,?
1692,?,266.042,?
1693,?,266.046,?
1694,?,266.041,?
1695,?,266.046,?
1696,?,266.043,?
1697,?,266.04,?
1698,?,266.042,?
1699,?,266.039,?
1700,?,266.04,?
1701,?,266.044,?
1702,?,266.042,?
1703,?,266.04,?
1704,?,266.038,?
1705,?,266.039,?
1706,?,266.046,?
1707,?,266.043,?
1708,?,266.041,?
1709,?,266.04,?
1710,?,266.042,?
1711,?,266.044,?
1712,?,266.044,?
1713,?,266.045,?
1714,?,266.041,?
1715,?,266.038,?
1716,?,266.039,?
1717,?,277.65,?
1718,?,277.651,?
1719,?,277.645,?
1720,?,277.653,?
1721,?,277.65,?
1722,?,277.648,?
1723,?,277.651,?
1724,?,277.645,?
1725,?,277.646,?
1726,?,277.648,?
1727,?,277.65,?
1728,?,277.651,?
1729,?,277.649,?
1730,?,277.648,?
1731,?,277.653,?
1732,?,277.652,?
1733,?,277.65,?
1734,?,277.651,?
1735,?,277.648,?
1736,?,277.649,?
1737,?,277.652,?
1738,?,277.647,?
1739,?,277.652,?
1740,?,277.653,?
1741,?,277.652,?
1742,?,277.644,?
1743,?,277.65,?
1744,?,277.644,?
1745,?,277.645,?
1746,?,277.648,?
1747,?,277.645,?
1748,?,277.648,?
1749,?,277.65,?
1750,?,297.655,?
1751,?,297.654,?
1752,?,297.653,?
1753,?,297.654,?
1754,?,297.655,?
1755,?,297.656,?
1756,?,297.655,?
1757,?,297.656,?
1758,?,297.652,?
1759,?,297.655,?
1760,?,297.655,?
1761,?,297.652,?
1762,?,297.657,?
1763,?,297.652,?
1764,?,297.652,?
1765,?,297.66,?
1766,?,297.652,?
1767,?,297.655,?
1768,?,297.66,?
1769,?,297.652,?
1770,?,297.657,?
1771,?,297.652,?
1772,?,297.652,?
1773,?,297.651,?
1774,?,297.653,?
1775,?,297.655,?
1776,?,297.654,?
1777,?,297.655,?
1778,?,297.656,?
1779,?,297.654,?
1780,?,297.652,?
1781,?,297.653,?
1782,?,297.652,?
1783,?,296.761,?
1784,?,296.764,?
1785,?,296.76,?
1786,?,296.763,?
1787,?,296.763,?
1788,?,296.758,?
1789,?,296.764,?
1790,?,296.76,?
1791,?,296.765,?
1792,?,296.763,?
1793,?,296.758,?
1794,?,296.759,?
1795,?,296.76,?
1796,?,296.763,?
1797,?,296.761,?
1798,?,296.76,?
1799,?,296.762,?
1800,?,296.759,?
1801,?,296.76,?
1802,?,296.766,?
1803,?,296.761,?
1804,?,296.765,?
1805,?,296.757,?
1806,?,296.76,?
1807,?,296.766,?
1808,?,296.759,?
1809,?,296.763,?
1810,?,296.758,?
1811,?,296.764,?
1812,?,296.763,?
1813,?,296.763,?
1814,?,296.763,?
1815,?,296.761,?
1816,?,317.767,?
1817,?,317.764,?
1818,?,317.767,?
1819,?,317.763,?
1820,?,317.764,?
1821,?,317.762,?
1822,?,317.76,?
1823,?,317.763,?
1824,?,317.76,?
1825,?,317.763,?
1826,?,317.766,?
1827,?,317.766,?
1828,?,317.764,?
1829,?,317.766,?
1830,?,317.76,?
1831,?,317.76,?
1832,?,317.759,?
1833,?,317.761,?
1834,?,317.764,?
1835,?,317.764,?
1836,?,317.764,?
1837,?,317.765,?
1838,?,317.767,?
1839,?,317.76,?
1840,?,317.765,?
1841,?,317.761,?
1842,?,317.761,?
1843,?,317.764,?
1844,?,317.765,?
1845,?,317.766,?
1846,?,317.763,?
1847,?,317.764,?
1848,?,317.766,?
1849,?,331.574,?
1850,?,331.58,?
1851,?,331.581,?
1852,?,331.573,?
1853,?,331.581,?
1854,?,331.579,?
1855,?,331.581,?
1856,?,331.573,?
1857,?,331.581,?
1858,?,331.577,?
1859,?,331.578,?
1860,?,331.576,?
1861,?,331.575,?
1862,?,331.576,?
1863,?,331.575,?
1864,?,331.574,?
1865,?,331.575,?
1866,?,331.573,?
1867,?,331.577,?
1868,?,331.576,?
1869,?,331.579,?
1870,?,331.581,?
1871,?,331.58,?
1872,?,331.575,?
1873,?,331.577,?
1874,?,331.573,?
1875,?,331.58,?
1876,?,331.576,?
1877,?,331.579,?
1878,?,331.575,?
1879,?,331.579,?
1880,?,331.573,?
1881,?,331.58,?
1882,?,336.027,?
1883,?,336.024,?
1884,?,336.027,?
1885,?,336.03,?
1886,?,336.024,?
1887,?,336.029,?
1888,?,336.025,?
1889,?,336.028,?
1890,?,336.031,?
1891,?,336.029,?
1892,?,336.024,?
1893,?,336.026,?
1894,?,336.026,?
1895,?,336.028,?
1896,?,336.028,?
1897,?,336.033,?
1898,?,336.026,?
1899,?,336.032,?
1900,?,336.03,?
1901,?,336.028,?
1902,?,336.031,?
1903,?,336.028,?
1904,?,336.025,?
1905,?,336.031,?
1906,?,336.03,?
1907,?,336.03,?
1908,?,336.03,?
1909,?,336.026,?
1910,?,336.026,?
1911,?,336.025,?
1912,?,336.026,?
1913,?,336.029,?
1914,?,336.031,?
1915,?,347.567,?
1916,?,347.569,?
1917,?,347.57,?
1918,?,347.565,?
1919,?,347.573,?
1920,?,347.565,?
1921,?,347.572,?
1922,?,347.565,?
1923,?,347.567,?
1924,?,347.566,?
1925,?,347.568,?
1926,?,347.571,?
1927,?,347.565,?
1928,?,347.569,?
1929,?,347.57,?
1930,?,347.566,?
1931,?,347.57,?
1932,?,347.569,?
1933,?,347.571,?
1934,?,347.568,?
1935,?,347.57,?
1936,?,347.566,?
1937,?,347.566,?
1938,?,347.568,?
1939,?,347.57,?
1940,?,347.572,?
1941,?,347.57,?
1942,?,347.571,?
1943,?,347.57,?
1944,?,347.567,?
1945,?,347.57,?
1946,?,347.569,?
1947,?,347.57,?
1948,?,355.739,?
1949,?,355.743,?
1950,?,355.745,?
1951,?,355.742,?
1952,?,355.745,?
1953,?,355.745,?
1954,?,355.742,?
1955,?,355.739,?
1956,?,355.746,?
1957,?,355.74,?
1958,?,355.743,?
1959,?,355.743,?
1960,?,355.741,?
1961,?,355.745,?
1962,?,355.742,?
1963,?,355.742,?
1964,?,355.743,?
1965,?,355.745,?
1966,?,355.746,?
1967,?,355.74,?
1968,?,355.743,?
1969,?,355.739,?
1970,?,355.741,?
1971,?,355.743,?
1972,?,355.742,?
1973,?,355.74,?
1974,?,355.743,?
1975,?,355.743,?
1976,?,355.747,?
1977,?,355.746,?
1978,?,355.741,?
1979,?,355.742,?
1980,?,355.743,?
1981,?,363.42,?
1982,?,363.424,?
1983,?,363.422,?
1984,?,363.427,?
1985,?,363.424,?
1986,?,363.427,?
1987,?,363.425,?
1988,?,363.426,?
1989,?,363.425,?
1990,?,363.42,?
1991,?,363.419,?
1992,?,363.426,?
1993,?,363.423,?
1994,?,363.421,?
1995,?,363.426,?
1996,?,363.419,?
1997,?,363.425,?
1998,?,363.422,?
1999,?,363.423,?
2000,?,363.422,?
2001,?,363.426,?
2002,?,363.419,?
2003,?,363.42,?
2004,?,363.423,?
2005,?,363.424,?
2006,?,363.425,?
2007,?,363.424,?
2008,?,363.418,?
2009,?,363.422,?
2010,?,363.425,?
2011,?,363.422,?
2012,?,363.418,?
2013,?,363.425,?
2014,?,375.156,?
2015,?,375.16,?
2016,?,375.163,?
2017,?,375.161,?
2018,?,375.163,?
2019,?,375.157,?
2020,?,375.158,?
2021,?,375.157,?
2022,?,375.161,?
2023,?,375.162,?
2024,?,375.159,?
2025,?,375.162,?
2026,?,375.158,?
2027,?,375.158,?
2028,?,375.159,?
2029,?,375.158,?
2030,?,375.157,?
2031,?,375.161,?
2032,?,375.162,?
2033,?,375.158,?
2034,?,375.162,?
2035,?,375.156,?
2036,?,375.156,?
2037,?,375.16,?
2038,?,375.156,?
2039,?,375.162,?
2040,?,375.161,?
2041,?,375.163,?
2042,?,375.164,?
2043,?,375.157,?
2044,?,375.156,?
2045,?,375.163,?
2046,?,375.16,?
2047,?,387.83,?
2048,?,387.83,?
2049,?,387.828,?
2050,?,387.825,?
2051,?,387.823,?
2052,?,387.824,?
2053,?,387.83,?
2054,?,387.825,?
2055,?,387.824,?
2056,?,387.826,?
2057,?,387.823,?
2058,?,387.825,?
2059,?,387.824,?
2060,?,387.822,?
2061,?,387.824,?
2062,?,387.823,?
2063,?,387.826,?
2064,?,387.83,?
2065,?,387.829,?
2066,?,387.83,?
2067,?,387.824,?
2068,?,387.828,?
2069,?,387.825,?
2070,?,387.83,?
2071,?,387.83,?
2072,?,387.826,?
2073,?,387.822,?
2074,?,387.825,?
2075,?,387.826,?
2076,?,387.828,?
2077,?,387.826,?
2078,?,387.826,?
2079,?,387.829,?
2080,?,401.288,?
2081,?,401.285,?
2082,?,401.28,?
2083,?,401.28,?
2084,?,401.282,?
2085,?,401.282,?
2086,?,401.286,?
2087,?,401.288,?
2088,?,401.283,?
2089,?,401.285,?
2090,?,401.285,?
2091,?,401.289,?
2092,?,401.28,?
2093,?,401.287,?
2094,?,401.288,?
2095,?,401.286,?
2096,?,401.289,?
2097,?,401.282,?
2098,?,401.282,?
2099,?,401.287,?
2100,?,401.281,?
2101,?,401.288,?
2102,?,401.282,?
2103,?,401.285,?
2104,?,401.287,?
2105,?,401.289,?
2106,?,401.28,?
2107,?,401.286,?
2108,?,401.288,?
2109,?,401.285,?
2110,?,401.287,?
2111,?,401.287,?
2112,?,401.287,?
2113,?,413.468,?
2114,?,413.467,?
2115,?,413.465,?
2116,?,413.467,?
2117,?,413.472,?
2118,?,413.471,?
2119,?,413.468,?
2120,?,413.465,?
2121,?,413.471,?
2122,?,413.465,?
2123,?,413.468,?
2124,?,413.469,?
2125,?,413.465,?
2126,?,413.471,?
2127,?,413.471,?
2128,?,413.465,?
2129,?,413.47,?
2130,?,413.464,?
2131,?,413.466,?
2132,?,413.466,?
2133,?,413.464,?
2134,?,413.466,?
2135,?,413.467,?
2136,?,413.467,?
2137,?,413.467,?
2138,?,413.469,?
2139,?,413.467,?
2140,?,413.471,?
2141,?,413.473,?
2142,?,413.469,?
2143,?,413.473,?
2144,?,413.465,?
2145,?,413.469,?
2146,?,424.214,?
2147,?,424.215,?
2148,?,424.21,?
2149,?,424.209,?
2150,?,424.213,?
2151,?,424.208,?
2152,?,424.211,?
2153,?,424.208,?
2154,?,424.212,?
2155,?,424.213,?
2156,?,424.215,?
2157,?,424.215,?
2158,?,424.211,?
2159,?,424.21,?
2160,?,424.214,?
2161,?,424.209,?
2162,?,424.214,?
2163,?,424.209,?
2164,?,424.215,?
2165,?,424.207,?
2166,?,424.209,?
2167,?,424.21,?
2168,?,424.215,?
2169,?,424.212,?
2170,?,424.211,?
2171,?,424.21,?
2172,?,424.211,?
2173,?,424.207,?
2174,?,424.215,?
2175,?,424.21,?
2176,?,424.207,?
2177,?,424.209,?
2178,?,424.208,?
2179,?,437.171,?
2180,?,437.169,?
2181,?,437.173,?
2182,?,437.173,?
2183,?,437.17,?
2184,?,437.174,?
2185,?,437.176,?
2186,?,437.173,?
2187,?,437.172,?
2188,?,437.168,?
2189,?,437.168,?
2190,?,437.168,?
2191,?,437.173,?
2192,?,437.169,?
2193,?,437.17,?
2194,?,437.168,?
2195,?,437.173,?
2196,?,437.175,?
2197,?,437.175,?
2198,?,437.168,?
2199,?,437.172,?
2200,?,437.176,?
2201,?,437.174,?
2202,?,437.175,?
2203,?,437.169,?
2204,?,437.168,?
2205,?,437.17,?
2206,?,437.172,?
2207,?,437.17,?
2208,?,437.172,?
2209,?,437.171,?
2210,?,437.176,?
2211,?,437.175,?
2212,?,449.792,?
2213,?,449.794,?
2214,?,449.796,?
2215,?,449.798,?
2216,?,449.79,?
2217,?,449.792,?
2218,?,449.798,?
2219,?,449.797,?
2220,?,449.795,?
2221,?,449.792,?
2222,?,449.793,?
2223,?,449.796,?
2224,?,449.797,?
2225,?,449.791,?
2226,?,449.791,?
2227,?,449.797,?
2228,?,449.795,?
2229,?,449.797,?
2230,?,449.796,?
2231,?,449.79,?
2232,?,449.796,?
2233,?,449.795,?
2234,?,449.791,?
2235,?,449.796,?
2236,?,449.792,?
2237,?,449.794,?
2238,?,449.791,?
2239,?,449.79,?
2240,?,449.791,?
2241,?,449.79,?
2242,?,449.791,?
2243,?,449.798,?
2244,?,449.798,?
2245,?,463.224,?
2246,?,463.224,?
2247,?,463.228,?
2248,?,463.225,?
2249,?,463.224,?
2250,?,463.222,?
2251,?,463.228,?
2252,?,463.221,?
2253,?,463.223,?
2254,?,463.226,?
2255,?,463.22,?
2256,?,463.221,?
2257,?,463.223,?
2258,?,463.225,?
2259,?,463.225,?
2260,?,463.227,?
2261,?,463.223,?
2262,?,463.225,?
2263,?,463.221,?
2264,?,463.223,?
2265,?,463.221,?
2266,?,463.225,?
2267,?,463.223,?
2268,?,463.222,?
2269,?,463.225,?
2270,?,463.227,?
2271,?,463.229,?
2272,?,463.224,?
2273,?,463.228,?
2274,?,463.228,?
2275,?,463.228,?
2276,?,463.228,?
2277,?,463.225,?
2278,?,478.677,?
2279,?,478.68,?
2280,?,478.679,?
2281,?,478.686,?
2282,?,478.684,?
2283,?,478.683,?
2284,?,478.68,?
2285,?,478.683,?
2286,?,478.682,?
2287,?,478.684,?
2288,?,478.683,?
2289,?,478.684,?
2290,?,478.678,?
2291,?,478.681,?
2292,?,478.683,?
2293,?,478.683,?
2294,?,478.681,?
2295,?,478.682,?
2296,?,478.682,?
2297,?,478.686,?
2298,?,478.681,?
2299,?,478.68,?
2300,?,478.682,?
2301,?,478.685,?
2302,?,478.684,?
2303,?,478.68,?
2304,?,478.679,?
2305,?,478.686,?
2306,?,478.678,?
2307,?,478.677,?
2308,?,478.681,?
2309,?,478.684,?
2310,?,478.685,?
2311,?,490.38,?
2312,?,490.386,?
2313,?,490.384,?
2314,?,490.385,?
2315,?,490.386,?
2316,?,490.384,?
2317,?,490.381,?
2318,?,490.381,?
2319,?,490.383,?
2320,?,490.387,?
2321,?,490.381,?
2322,?,490.387,?
2323,?,490.382,?
2324,?,490.38,?
2325,?,490.386,?
2326,?,490.388,?
2327,?,490.384,?
2328,?,490.384,?
2329,?,490.38,?
2330,?,490.388,?
2331,?,490.385,?
2332,?,490.383,?
2333,?,490.385,?
2334,?,490.385,?
2335,?,490.384,?
2336,?,490.383,?
2337,?,490.386,?
2338,?,490.38,?
2339,?,490.384,?
2340,?,490.384,?
2341,?,490.38,?
2342,?,490.38,?
2343,?,490.384,?
2344,?,503.828,?
2345,?,503.826,?
2346,?,503.828,?
2347,?,503.831,?
2348,?,503.826,?
2349,?,503.825,?
2350,?,503.83,?
2351,?,503.83,?
2352,?,503.825,?
2353,?,503.826,?
2354,?,503.83,?
2355,?,503.824,?
2356,?,503.828,?
2357,?,503.828,?
2358,?,503.83,?
2359,?,503.824,?
2360,?,503.832,?
2361,?,503.828,?
2362,?,503.826,?
2363,?,503.83,?
2364,?,503.825,?
2365,?,503.826,?
2366,?,503.832,?
2367,?,503.827,?
2368,?,503.83,?
2369,?,503.827,?
2370,?,503.827,?
2371,?,503.828,?
2372,?,503.832,?
2373,?,503.83,?
2374,?,503.829,?
2375,?,503.827,?
2376,?,503.825,?
2377,?,518.483,?
2378,?,518.489,?
2379,?,518.487,?
2380,?,518.489,?
2381,?,518.485,?
2382,?,518.491,?
2383,?,518.486,?
2384,?,518.491,?
2385,?,518.486,?
2386,?,518.49,?
2387,?,518.486,?
2388,?,518.483,?
2389,?,518.488,?
2390,?,518.489,?
2391,?,518.483,?
2392,?,518.486,?
2393,?,518.482,?
2394,?,518.49,?
2395,?,518.486,?
2396,?,518.49,?
2397,?,518.489,?
2398,?,518.49,?
2399,?,518.49,?
2400,?,518.487,?
2401,?,518.483,?
2402,?,518.483,?
2403,?,518.489,?
2404,?,518.486,?
2405,?,518.483,?
2406,?,518.486,?
2407,?,518.489,?
2408,?,518.487,?
2409,?,518.485,?
2410,?,531.869,?
2411,?,531.87,?
2412,?,531.868,?
2413,?,531.872,?
2414,?,531.866,?
2415,?,531.874,?
2416,?,531.869,?
2417,?,531.871,?
2418,?,531.867,?
2419,?,531.866,?
2420,?,531.865,?
2421,?,531.873,?
2422,?,531.867,?
2423,?,531.867,?
2424,?,531.866,?
2425,?,531.873,?
2426,?,531.87,?
2427,?,531.871,?
2428,?,531.868,?
2429,?,531.865,?
2430,?,531.869,?
2431,?,531.874,?
2432,?,531.873,?
2433,?,531.871,?
2434,?,531.871,?
2435,?,531.873,?
2436,?,531.867,?
2437,?,531.874,?
2438,?,531.87,?
2439,?,531.871,?
2440,?,531.866,?
2441,?,531.874,?
2442,?,531.871,?
2443,?,549.153,?
2444,?,549.154,?
2445,?,549.155,?
2446,?,549.155,?
2447,?,549.155,?
2448,?,549.155,?
2449,?,549.157,?
2450,?,549.159,?
2451,?,549.152,?
2452,?,549.151,?
2453,?,549.159,?
2454,?,549.152,?
2455,?,549.152,?
2456,?,549.157,?
2457,?,549.155,?
2458,?,549.151,?
2459,?,549.16,?
2460,?,549.153,?
2461,?,549.16,?
2462,?,549.154,?
2463,?,549.156,?
2464,?,549.153,?
2465,?,549.153,?
2466,?,549.158,?
2467,?,549.152,?
2468,?,549.159,?
2469,?,549.155,?
2470,?,549.159,?
2471,?,549.156,?
2472,?,549.156,?
2473,?,549.157,?
2474,?,549.154,?
2475,?,549.155,?
2476,?,561.144,?
2477,?,561.14,?
2478,?,561.139,?
2479,?,561.145,?
2480,?,561.142,?
2481,?,561.138,?
2482,?,561.142,?
2483,?,561.144,?
2484,?,561.137,?
2485,?,561.144,?
2486,?,561.142,?
2487,?,561.14,?
2488,?,561.14,?
2489,?,561.137,?
2490,?,561.14,?
2491,?,561.139,?
2492,?,561.14,?
2493,?,561.145,?
2494,?,561.144,?
2495,?,561.142,?
2496,?,561.142,?
2497,?,561.137,?
2498,?,561.142,?
2499,?,561.145,?
2500,?,561.137,?
2501,?,561.145,?
2502,?,561.141,?
2503,?,561.142,?
2504,?,561.137,?
2505,?,561.141,?
2506,?,561.145,?
2507,?,561.138,?
2508,?,561.143,?
2509,?,575.836,?
2510,?,575.841,?
2511,?,575.841,?
2512,?,575.836,?
2513,?,575.838,?
2514,?,575.838,?
2515,?,575.84,?
2516,?,575.838,?
2517,?,575.837,?
2518,?,575.835,?
2519,?,575.84,?
2520,?,575.839,?
2521,?,575.84,?
2522,?,575.834,?
2523,?,575.839,?
2524,?,575.837,?
2525,?,575.84,?
2526,?,575.84,?
2527,?,575.837,?
2528,?,575.841,?
2529,?,575.838,?
2530,?,575.841,?
2531,?,575.84,?
2532,?,575.838,?
2533,?,575.834,?
2534,?,575.836,?
2535,?,575.84,?
2536,?,575.84,?
2537,?,575.833,?
2538,?,575.835,?
2539,?,575.838,?
2540,?,575.835,?
2541,?,575.836,?
2542,?,590.713,?
2543,?,590.714,?
2544,?,590.715,?
2545,?,590.712,?
2546,?,590.713,?
2547,?,590.714,?
2548,?,590.714,?
2549,?,590.71,?
2550,?,590.712,?
2551,?,590.712,?
2552,?,590.708,?
2553,?,590.709,?
2554,?,590.711,?
2555,?,590.715,?
2556,?,590.711,?
2557,?,590.712,?
2558,?,590.715,?
2559,?,590.708,?
2560,?,590.714,?
2561,?,590.712,?
2562,?,590.716,?
2563,?,590.713,?
2564,?,590.716,?
2565,?,590.71,?
2566,?,590.709,?
2567,?,590.716,?
2568,?,590.71,?
2569,?,590.71,?
2570,?,590.715,?
2571,?,590.712,?
2572,?,590.711,?
2573,?,590.714,?
2574,?,590.71,?
2575,?,605.785,?
2576,?,605.788,?
2577,?,605.788,?
2578,?,605.783,?
2579,?,605.784,?
2580,?,605.785,?
2581,?,605.786,?
2582,?,605.784,?
2583,?,605.789,?
2584,?,605.787,?
2585,?,605.784,?
2586,?,605.791,?
2587,?,605.79,?
2588,?,605.784,?
2589,?,605.791,?
2590,?,605.783,?
2591,?,605.786,?
2592,?,605.787,?
2593,?,605.788,?
2594,?,605.785,?
2595,?,605.79,?
2596,?,605.788,?
2597,?,605.785,?
2598,?,605.785,?
2599,?,605.785,?
2600,?,605.786,?
2601,?,605.785,?
2602,?,605.786,?
2603,?,605.791,?
2604,?,605.788,?
2605,?,605.791,?
2606,?,605.79,?
2607,?,605.784,?
2608,?,621.778,?
2609,?,621.781,?
2610,?,621.78,?
2611,?,621.784,?
2612,?,621.783,?
2613,?,621.781,?
2614,?,621.785,?
2615,?,621.785,?
2616,?,621.784,?
2617,?,621.785,?
2618,?,621.784,?
2619,?,621.779,?
2620,?,621.781,?
2621,?,621.777,?
2622,?,621.785,?
2623,?,621.778,?
2624,?,621.777,?
2625,?,621.783,?
2626,?,621.785,?
2627,?,621.784,?
2628,?,621.782,?
2629,?,621.784,?
2630,?,621.782,?
2631,?,621.78,?
2632,?,621.78,?
2633,?,621.781,?
2634,?,621.78,?
2635,?,621.785,?
2636,?,621.777,?
2637,?,621.781,?
2638,?,621.785,?
2639,?,621.783,?
2640,?,621.777,?
2641,?,636.383,?
2642,?,636.38,?
2643,?,636.38,?
2644,?,636.384,?
2645,?,636.385,?
2646,?,636.385,?
2647,?,636.388,?
2648,?,636.388,?
2649,?,636.388,?
2650,?,636.383,?
2651,?,636.386,?
2652,?,636.385,?
2653,?,636.388,?
2654,?,636.383,?
2655,?,636.388,?
2656,?,636.386,?
2657,?,636.381,?
2658,?,636.382,?
2659,?,636.38,?
2660,?,636.382,?
2661,?,636.384,?
2662,?,636.384,?
2663,?,636.386,?
2664,?,636.385,?
2665,?,636.384,?
2666,?,636.38,?
2667,?,636.384,?
2668,?,636.388,?
2669,?,636.383,?
2670,?,636.385,?
2671,?,636.381,?
2672,?,636.388,?
2673,?,636.38,?
2674,?,653.56,?
2675,?,653.562,?
2676,?,653.562,?
2677,?,653.561,?
2678,?,653.559,?
2679,?,653.559,?
2680,?,653.555,?
2681,?,653.556,?
2682,?,653.555,?
2683,?,653.557,?
2684,?,653.563,?
2685,?,653.56,?
2686,?,653.563,?
2687,?,653.559,?
2688,?,653.56,?
2689,?,653.557,?
2690,?,653.56,?
2691,?,653.563,?
2692,?,653.555,?
2693,?,653.56,?
2694,?,653.556,?
2695,?,653.559,?
2696,?,653.555,?
2697,?,653.562,?
2698,?,653.557,?
2699,?,653.562,?
2700,?,653.556,?
2701,?,653.555,?
2702,?,653.56,?
2703,?,653.555,?
2704,?,653.558,?
2705,?,653.559,?
2706,?,653.557,?
2707,?,671.142,?
2708,?,671.137,?
2709,?,671.14,?
2710,?,671.139,?
2711,?,671.14,?
2712,?,671.14,?
2713,?,671.142,?
2714,?,671.14,?
2715,?,671.142,?
2716,?,671.138,?
2717,?,671.145,?
2718,?,671.142,?
2719,?,671.145,?
2720,?,671.139,?
2721,?,671.141,?
2722,?,671.143,?
2723,?,671.144,?
2724,?,671.137,?
2725,?,671.143,?
2726,?,671.138,?
2727,?,671.145,?
2728,?,671.138,?
2729,?,671.144,?
2730,?,671.141,?
2731,?,671.14,?
2732,?,671.138,?
2733,?,671.138,?
2734,?,671.14,?
2735,?,671.14,?
2736,?,671.137,?
2737,?,671.138,?
2738,?,671.138,?
2739,?,671.14,?
2740,?,682.606,?
2741,?,682.6,?
2742,?,682.605,?
2743,?,682.598,?
2744,?,682.6,?
2745,?,682.606,?
2746,?,682.6,?
2747,?,682.604,?
2748,?,682.6,?
2749,?,682.6,?
2750,?,682.603,?
2751,?,682.606,?
2752,?,682.606,?
2753,?,682.601,?
2754,?,682.606,?
2755,?,682.601,?
2756,?,682.604,?
2757,?,682.6,?
2758,?,682.601,?
2759,?,682.606,?
2760,?,682.605,?
2761,?,682.606,?
2762,?,682.599,?
2763,?,682.6,?
2764,?,682.604,?
2765,?,682.603,?
2766,?,682.6,?
2767,?,682.604,?
2768,?,682.598,?
2769,?,682.598,?
2770,?,682.605,?
2771,?,682.604,?
2772,?,682.602,?
2773,?,698.962,?
2774,?,698.968,?
2775,?,698.969,?
2776,?,698.963,?
2777,?,698.966,?
2778,?,698.97,?
2779,?,698.967,?
2780,?,698.965,?
2781,?,698.965,?
2782,?,698.97,?
2783,?,698.962,?
2784,?,698.961,?
2785,?,698.966,?
2786,?,698.963,?
2787,?,698.965,?
2788,?,698.963,?
2789,?,698.968,?
2790,?,698.963,?
2791,?,698.969,?
2792,?,698.965,?
2793,?,698.962,?
2794,?,698.962,?
2795,?,698.961,?
2796,?,698.97,?
2797,?,698.963,?
2798,?,698.968,?
2799,?,698.968,?
2800,?,698.969,?
2801,?,698.961,?
2802,?,698.969,?
2803,?,698.97,?
2804,?,698.968,?
2805,?,698.966,?
2806,?,716.366,?
2807,?,716.367,?
2808,?,716.362,?
2809,?,716.37,?
2810,?,716.364,?
2811,?,716.362,?
2812,?,716.364,?
2813,?,716.363,?
2814,?,716.37,?
2815,?,716.364,?
2816,?,716.37,?
2817,?,716.362,?
2818,?,716.368,?
2819,?,716.367,?
2820,?,716.367,?
2821,?,716.37,?
2822,?,716.365,?
2823,?,716.364,?
2824,?,716.364,?
2825,?,716.362,?
2826,?,716.365,?
2827,?,716.365,?
2828,?,716.364,?
2829,?,716.365,?
2830,?,716.366,?
2831,?,716.37,?
2832,?,716.369,?
2833,?,716.37,?
2834,?,716.368,?
2835,?,716.364,?
2836,?,716.362,?
2837,?,716.364,?
2838,?,716.364,?
2839,?,733.224,?
2840,?,733.228,?
2841,?,733.227,?
2842,?,733.229,?
2843,?,733.221,?
2844,?,733.225,?
2845,?,733.221,?
2846,?,733.229,?
2847,?,733.228,?
2848,?,733.224,?
2849,?,733.221,?
2850,?,733.222,?
2851,?,733.223,?
2852,?,733.228,?
2853,?,733.225,?
2854,?,733.23,?
2855,?,733.229,?
2856,?,733.225,?
2857,?,733.225,?
2858,?,733.227,?
2859,?,733.23,?
2860,?,733.229,?
2861,?,733.226,?
2862,?,733.221,?
2863,?,733.222,?
2864,?,733.226,?
2865,?,733.222,?
2866,?,733.225,?
2867,?,733.226,?
2868,?,733.222,?
2869,?,733.226,?
2870,?,733.227,?
2871,?,733.227,?
2872,?,752.642,?
2873,?,752.646,?
2874,?,752.645,?
2875,?,752.643,?
2876,?,752.647,?
2877,?,752.641,?
2878,?,752.642,?
2879,?,752.643,?
2880,?,752.641,?
2881,?,752.641,?
2882,?,752.639,?
2883,?,752.645,?
2884,?,752.64,?
2885,?,752.643,?
2886,?,752.646,?
2887,?,752.64,?
2888,?,752.643,?
2889,?,752.644,?
2890,?,752.643,?
2891,?,752.646,?
2892,?,752.645,?
2893,?,752.642,?
2894,?,752.641,?
2895,?,752.641,?
2896,?,752.643,?
2897,?,752.64,?
2898,?,752.642,?
2899,?,752.643,?
2900,?,752.639,?
2901,?,752.646,?
2902,?,752.641,?
2903,?,752.642,?
2904,?,752.645,?
2905,?,765.276,?
2906,?,765.275,?
2907,?,765.277,?
2908,?,765.273,?
2909,?,765.27,?
2910,?,765.27,?
2911,?,765.272,?
2912,?,765.275,?
2913,?,765.271,?
2914,?,765.278,?
2915,?,765.277,?
2916,?,765.277,?
2917,?,765.275,?
2918,?,765.272,?
2919,?,765.271,?
2920,?,765.275,?
2921,?,765.272,?
2922,?,765.273,?
2923,?,765.277,?
2924,?,765.275,?
2925,?,765.274,?
2926,?,765.275,?
2927,?,765.277,?
2928,?,765.274,?
2929,?,765.273,?
2930,?,765.273,?
2931,?,765.277,?
2932,?,765.275,?
2933,?,765.274,?
2934,?,765.273,?
2935,?,765.272,?
2936,?,765.274,?
2937,?,765.278,?
2938,?,782.83,?
2939,?,782.831,?
2940,?,782.835,?
2941,?,782.83,?
2942,?,782.837,?
2943,?,782.835,?
2944,?,782.837,?
2945,?,782.833,?
2946,?,782.83,?
2947,?,782.831,?
2948,?,782.835,?
2949,?,782.83,?
2950,?,782.837,?
2951,?,782.836,?
2952,?,782.83,?
2953,?,782.831,?
2954,?,782.832,?
2955,?,782.836,?
2956,?,782.832,?
2957,?,782.836,?
2958,?,782.837,?
2959,?,782.835,?
2960,?,782.835,?
2961,?,782.836,?
2962,?,782.834,?
2963,?,782.83,?
2964,?,782.832,?
2965,?,782.834,?
2966,?,782.833,?
2967,?,782.829,?
2968,?,782.829,?
2969,?,782.837,?
2970,?,782.831,?
2971,?,801.435,?
2972,?,801.43,?
2973,?,801.432,?
2974,?,801.431,?
2975,?,801.434,?
2976,?,801.435,?
2977,?,801.433,?
2978,?,801.43,?
2979,?,801.433,?
2980,?,801.43,?
2981,?,801.43,?
2982,?,801.428,?
2983,?,801.436,?
2984,?,801.428,?
2985,?,801.429,?
2986,?,801.431,?
2987,?,801.428,?
2988,?,801.435,?
2989,?,801.435,?
2990,?,801.435,?
2991,?,801.436,?
2992,?,801.43,?
2993,?,801.43,?
2994,?,801.431,?
2995,?,801.435,?
2996,?,801.435,?
2997,?,801.433,?
2998,?,801.431,?
2999,?,801.435,?
3000,?,801.431,?
3001,?,801.431,?
3002,?,801.429,?
3003,?,801.43,?
3004,?,816.447,?
3005,?,816.449,?
3006,?,816.449,?
3007,?,816.45,?
3008,?,816.45,?
3009,?,816.454,?
3010,?,816.45,?
3011,?,816.448,?
3012,?,816.454,?
3013,?,816.448,?
3014,?,816.448,?
3015,?,816.452,?
3016,?,816.448,?
3017,?,816.449,?
3018,?,816.448,?
3019,?,816.45,?
3020,?,816.45,?
3021,?,816.453,?
3022,?,816.455,?
3023,?,816.453,?
3024,?,816.452,?
3025,?,816.453,?
3026,?,816.452,?
3027,?,816.45,?
3028,?,816.447,?
3029,?,816.449,?
3030,?,816.45,?
3031,?,816.452,?
3032,?,816.45,?
3033,?,816.451,?
3034,?,816.455,?
3035,?,816.448,?
3036,?,816.447,?
3037,?,836.844,?
3038,?,836.846,?
3039,?,836.841,?
3040,?,836.847,?
3041,?,836.844,?
3042,?,836.842,?
3043,?,836.845,?
3044,?,836.848,?
3045,?,836.848,?
3046,?,836.842,?
3047,?,836.846,?
3048,?,836.84,?
3049,?,836.844,?
3050,?,836.841,?
3051,?,836.84,?
3052,?,836.842,?
3053,?,836.844,?
3054,?,836.847,?
3055,?,836.841,?
3056,?,836.842,?
3057,?,836.84,?
3058,?,836.842,?
3059,?,836.841,?
3060,?,836.842,?
3061,?,836.841,?
3062,?,836.842,?
3063,?,836.848,?
3064,?,836.844,?
3065,?,836.844,?
3066,?,836.843,?
3067,?,836.846,?
3068,?,836.847,?
3069,?,836.844,?
3070,?,855.049,?
3071,?,855.045,?
3072,?,855.047,?
3073,?,855.047,?
3074,?,855.048,?
3075,?,855.044,?
3076,?,855.045,?
3077,?,855.046,?
3078,?,855.049,?
3079,?,855.046,?
3080,?,855.043,?
3081,?,855.047,?
3082,?,855.05,?
3083,?,855.043,?
3084,?,855.045,?
3085,?,855.043,?
3086,?,855.043,?
3087,?,855.046,?
3088,?,855.047,?
3089,?,855.048,?
3090,?,855.049,?
3091,?,855.05,?
3092,?,855.041,?
3093,?,855.045,?
3094,?,855.044,?
3095,?,855.047,?
3096,?,855.044,?
3097,?,855.042,?
3098,?,855.046,?
3099,?,855.043,?
3100,?,855.05,?
3101,?,855.049,?
3102,?,855.045,?
3103,?,871.898,?
3104,?,871.895,?
3105,?,871.892,?
3106,?,871.891,?
3107,?,871.89,?
3108,?,871.897,?
3109,?,871.897,?
3110,?,871.893,?
3111,?,871.893,?
3112,?,871.893,?
3113,?,871.89,?
3114,?,871.895,?
3115,?,871.891,?
3116,?,871.892,?
3117,?,871.892,?
3118,?,871.896,?
3119,?,871.89,?
3120,?,871.893,?
3121,?,871.889,?
3122,?,871.896,?
3123,?,871.892,?
3124,?,871.897,?
3125,?,871.895,?
3126,?,871.89,?
3127,?,871.892,?
3128,?,871.894,?
3129,?,871.898,?
3130,?,871.889,?
3131,?,871.892,?
3132,?,871.894,?
3133,?,871.892,?
3134,?,871.895,?
3135,?,871.896,?
3136,?,892.844,?
3137,?,892.839,?
3138,?,892.847,?
3139,?,892.842,?
3140,?,892.839,?
3141,?,892.84,?
3142,?,892.84,?
3143,?,892.846,?
3144,?,892.841,?
3145,?,892.842,?
3146,?,892.843,?
3147,?,892.84,?
3148,?,892.84,?
3149,?,892.842,?
3150,?,892.84,?
3151,?,892.84,?
3152,?,892.844,?
3153,?,892.84,?
3154,?,892.846,?
3155,?,892.84,?
3156,?,892.844,?
3157,?,892.839,?
3158,?,892.844,?
3159,?,892.839,?
3160,?,892.845,?
3161,?,892.845,?
3162,?,892.845,?
3163,?,892.846,?
3164,?,892.842,?
3165,?,892.845,?
3166,?,892.846,?
3167,?,892.842,?
3168,?,892.845,?
3169,?,909.532,?
3170,?,909.537,?
3171,?,909.531,?
3172,?,909.531,?
3173,?,909.529,?
3174,?,909.535,?
3175,?,909.535,?
3176,?,909.532,?
3177,?,909.535,?
3178,?,909.536,?
3179,?,909.533,?
3180,?,909.534,?
3181,?,909.537,?
3182,?,909.535,?
3183,?,909.535,?
3184,?,909.534,?
3185,?,909.535,?
3186,?,909.53,?
3187,?,909.531,?
3188,?,909.535,?
3189,?,909.532,?
3190,?,909.532,?
3191,?,909.536,?
3192,?,909.535,?
3193,?,909.53,?
3194,?,909.537,?
3195,?,909.529,?
3196,?,909.533,?
3197,?,909.532,?
3198,?,909.531,?
3199,?,909.532,?
3200,?,909.533,?
3201,?,909.535,?
3202,?,929.757,?
3203,?,929.757,?
3204,?,929.75,?
3205,?,929.756,?
3206,?,929.757,?
3207,?,929.75,?
3208,?,929.759,?
3209,?,929.751,?
3210,?,929.756,?
3211,?,929.753,?
3212,?,929.759,?
3213,?,929.752,?
3214,?,929.759,?
3215,?,929.753,?
3216,?,929.752,?
3217,?,929.757,?
3218,?,929.755,?
3219,?,929.753,?
3220,?,929.755,?
3221,?,929.753,?
3222,?,929.758,?
3223,?,929.755,?
3224,?,929.753,?
3225,?,929.755,?
3226,?,929.756,?
3227,?,929.757,?
3228,?,929.756,?
3229,?,929.759,?
3230,?,929.752,?
3231,?,929.751,?
3232,?,929.757,?
3233,?,929.754,?
3234,?,929.753,?
3235,?,947.915,?
3236,?,947.914,?
3237,?,947.91,?
3238,?,947.908,?
3239,?,947.916,?
3240,?,947.915,?
3241,?,947.915,?
3242,?,947.915,?
3243,?,947.916,?
3244,?,947.916,?
3245,?,947.912,?
3246,?,947.915,?
3247,?,947.917,?
3248,?,947.909,?
3249,?,947.914,?
3250,?,947.915,?
3251,?,947.915,?
3252,?,947.91,?
3253,?,947.912,?
3254,?,947.912,?
3255,?,947.909,?
3256,?,947.91,?
3257,?,947.916,?
3258,?,947.913,?
3259,?,947.911,?
3260,?,947.916,?
3261,?,947.908,?
3262,?,947.912,?
3263,?,947.912,?
3264,?,947.912,?
3265,?,947.914,?
3266,?,947.917,?
3267,?,947.913,?
3268,?,964.106,?
3269,?,964.102,?
3270,?,964.11,?
3271,?,964.105,?
3272,?,964.109,?
3273,?,964.101,?
3274,?,964.108,?
3275,?,964.103,?
3276,?,964.109,?
3277,?,964.109,?
3278,?,964.107,?
3279,?,964.102,?
3280,?,964.109,?
3281,?,964.107,?
3282,?,964.106,?
3283,?,964.105,?
3284,?,964.106,?
3285,?,964.106,?
3286,?,964.104,?
3287,?,964.11,?
3288,?,964.102,?
3289,?,964.107,?
3290,?,964.105,?
3291,?,964.106,?
3292,?,964.106,?
3293,?,964.105,?
3294,?,964.101,?
3295,?,964.109,?
3296,?,964.105,?
3297,?,964.106,?
3298,?,964.106,?
3299,?,964.106,?
3300,?,964.106,?
3301,?,987.541,?
3302,?,987.545,?
3303,?,987.548,?
3304,?,987.548,?
3305,?,987.542,?
3306,?,987.54,?
3307,?,987.542,?
3308,?,987.548,?
3309,?,987.545,?
3310,?,987.541,?
3311,?,987.546,?
3312,?,987.547,?
3313,?,987.545,?
3314,?,987.544,?
3315,?,987.545,?
3316,?,987.54,?
3317,?,987.544,?
3318,?,987.541,?
3319,?,987.54,?
3320,?,987.542,?
3321,?,987.54,?
3322,?,987.543,?
3323,?,987.548,?
3324,?,987.545,?
3325,?,987.545,?
3326,?,987.548,?
3327,?,987.54,?
3328,?,987.543,?
3329,?,987.548,?
3330,?,987.542,?
3331,?,987.543,?
3332,?,987.548,?
3333,?,987.544,?
3334,?,1003.065,?
3335,?,1003.062,?
3336,?,1003.062,?
3337,?,1003.065,?
3338,?,1003.062,?
3339,?,1003.062,?
3340,?,1003.069,?
3341,?,1003.063,?
3342,?,1003.067,?
3343,?,1003.065,?
3344,?,1003.068,?
3345,?,1003.066,?
3346,?,1003.061,?
3347,?,1003.068,?
3348,?,1003.07,?
3349,?,1003.066,?
3350,?,1003.065,?
3351,?,1003.062,?
3352,?,1003.069,?
3353,?,1003.063,?
3354,?,1003.065,?
3355,?,1003.064,?
3356,?,1003.065,?
3357,?,1003.07,?
3358,?,1003.065,?
3359,?,1003.061,?
3360,?,1003.068,?
3361,?,1003.069,?
3362,?,1003.065,?
3363,?,1003.065,?
3364,?,1003.064,?
3365,?,1003.068,?
3366,?,1003.065,?
3367,?,1021.938,?
3368,?,1021.942,?
3369,?,1021.939,?
3370,?,1021.941,?
3371,?,1021.944,?
3372,?,1021.941,?
3373,?,1021.946,?
3374,?,1021.94,?
3375,?,1021.939,?
3376,?,1021.94,?
3377,?,1021.944,?
3378,?,1021.947,?
3379,?,1021.947,?
3380,?,1021.945,?
3381,?,1021.938,?
3382,?,1021.943,?
3383,?,1021.943,?
3384,?,1021.938,?
3385,?,1021.945,?
3386,?,1021.941,?
3387,?,1021.944,?
3388,?,1021.942,?
3389,?,1021.943,?
3390,?,1021.939,?
3391,?,1021.945,?
3392,?,1021.947,?
3393,?,1021.94,?
3394,?,1021.943,?
3395,?,1021.944,?
3396,?,1021.94,?
3397,?,1021.939,?
3398,?,1021.938,?
3399,?,1021.945,?
3400,?,1040.622,?
3401,?,1040.624,?
3402,?,1040.619,?
3403,?,1040.618,?
3404,?,1040.621,?
3405,?,1040.625,?
3406,?,1040.619,?
3407,?,1040.619,?
3408,?,1040.621,?
3409,?,1040.625,?
3410,?,1040.62,?
3411,?,1040.625,?
3412,?,1040.62,?
3413,?,1040.626,?
3414,?,1040.626,?
3415,?,1040.625,?
3416,?,1040.624,?
3417,?,1040.623,?
3418,?,1040.618,?
3419,?,1040.626,?
3420,?,1040.621,?
3421,?,1040.623,?
3422,?,1040.623,?
3423,?,1040.618,?
3424,?,1040.624,?
3425,?,1040.621,?
3426,?,1040.618,?
3427,?,1040.62,?
3428,?,1040.62,?
3429,?,1040.624,?
3430,?,1040.62,?
3431,?,1040.625,?
3432,?,1040.623,?
3433,?,1061.629,?
3434,?,1061.633,?
3435,?,1061.63,?
3436,?,1061.633,?
3437,?,1061.632,?
3438,?,1061.636,?
3439,?,1061.633,?
3440,?,1061.632,?
3441,?,1061.632,?
3442,?,1061.636,?
3443,?,1061.629,?
3444,?,1061.628,?
3445,?,1061.63,?
3446,?,1061.636,?
3447,?,1061.633,?
3448,?,1061.629,?
3449,?,1061.631,?
3450,?,1061.63,?
3451,?,1061.629,?
3452,?,1061.636,?
3453,?,1061.629,?
3454,?,1061.634,?
3455,?,1061.632,?
3456,?,1061.631,?
3457,?,1061.635,?
3458,?,1061.628,?
3459,?,1061.635,?
3460,?,1061.635,?
3461,?,1061.633,?
3462,?,1061.633,?
3463,?,1061.628,?
3464,?,1061.634,?
3465,?,1061.631,?
3466,?,1089.058,?
3467,?,1089.056,?
3468,?,1089.059,?
3469,?,1089.051,?
3470,?,1089.052,?
3471,?,1089.059,?
3472,?,1089.058,?
3473,?,1089.054,?
3474,?,1089.056,?
3475,?,1089.059,?
3476,?,1089.052,?
3477,?,1089.055,?
3478,?,1089.06,?
3479,?,1089.055,?
3480,?,1089.051,?
3481,?,1089.059,?
3482,?,1089.059,?
3483,?,1089.058,?
3484,?,1089.054,?
3485,?,1089.055,?
3486,?,1089.059,?
3487,?,1089.058,?
3488,?,1089.056,?
3489,?,1089.059,?
3490,?,1089.054,?
3491,?,1089.056,?
3492,?,1089.06,?
3493,?,1089.054,?
3494,?,1089.058,?
3495,?,1089.051,?
3496,?,1089.059,?
3497,?,1089.058,?
3498,?,1089.053,?
3499,?,1102.641,?
3500,?,1102.644,?
3501,?,1102.641,?
3502,?,1102.639,?
3503,?,1102.638,?
3504,?,1102.635,?
3505,?,1102.637,?
3506,?,1102.636,?
3507,?,1102.642,?
3508,?,1102.642,?
3509,?,1102.641,?
3510,?,1102.642,?
3511,?,1102.641,?
3512,?,1102.638,?
3513,?,1102.635,?
3514,?,1102.635,?
3515,?,1102.635,?
3516,?,1102.641,?
3517,?,1102.636,?
3518,?,1102.642,?
3519,?,1102.635,?
3520,?,1102.638,?
3521,?,1102.639,?
3522,?,1102.642,?
3523,?,1102.643,?
3524,?,1102.642,?
3525,?,1102.635,?
3526,?,1102.64,?
3527,?,1102.637,?
3528,?,1102.635,?
3529,?,1102.641,?
3530,?,1102.643,?
3531,?,1102.642,?
3532,?,1125.526,?
3533,?,1125.528,?
3534,?,1125.525,?
3535,?,1125.523,?
3536,?,1125.525,?
3537,?,1125.525,?
3538,?,1125.53,?
3539,?,1125.528,?
3540,?,1125.524,?
3541,?,1125.522,?
3542,?,1125.525,?
3543,?,1125.526,?
3544,?,1125.528,?
3545,?,1125.53,?
3546,?,1125.531,?
3547,?,1125.53,?
3548,?,1125.526,?
3549,?,1125.523,?
3550,?,1125.527,?
3551,?,1125.525,?
3552,?,1125.527,?
3553,?,1125.526,?
3554,?,1125.529,?
3555,?,1125.523,?
3556,?,1125.53,?
3557,?,1125.528,?
3558,?,1125.525,?
3559,?,1125.525,?
3560,?,1125.53,?
3561,?,1125.526,?
3562,?,1125.525,?
3563,?,1125.53,?
3564,?,1125.529,?
3565,?,1143.53,?
3566,?,1143.528,?
3567,?,1143.53,?
3568,?,1143.527,?
3569,?,1143.534,?
3570,?,1143.529,?
3571,?,1143.528,?
3572,?,1143.535,?
3573,?,1143.528,?
3574,?,1143.535,?
3575,?,1143.526,?
3576,?,1143.527,?
3577,?,1143.531,?
3578,?,1143.528,?
3579,?,1143.527,?
3580,?,1143.533,?
3581,?,1143.53,?
3582,?,1143.532,?
3583,?,1143.533,?
3584,?,1143.53,?
3585,?,1143.53,?
3586,?,1143.533,?
3587,?,1143.533,?
3588,?,1143.528,?
3589,?,1143.535,?
3590,?,1143.529,?
3591,?,1143.53,?
3592,?,1143.534,?
3593,?,1143.535,?
3594,?,1143.531,?
3595,?,1143.532,?
3596,?,1143.529,?
3597,?,1143.535,?
3598,?,1163.1,?
3599,?,1163.101,?
3600,?,1163.102,?
3601,?,1163.101,?
3602,?,1163.101,?
3603,?,1163.102,?
3604,?,1163.103,?
3605,?,1163.103,?
3606,?,1163.107,?
3607,?,1163.105,?
3608,?,1163.099,?
3609,?,1163.101,?
3610,?,1163.102,?
3611,?,1163.104,?
3612,?,1163.105,?
3613,?,1163.104,?
3614,?,1163.101,?
3615,?,1163.105,?
3616,?,1163.105,?
3617,?,1163.104,?
3618,?,1163.105,?
3619,?,1163.105,?
3620,?,1163.099,?
3621,?,1163.105,?
3622,?,1163.106,?
3623,?,1163.107,?
3624,?,1163.1,?
3625,?,1163.103,?
3626,?,1163.105,?
3627,?,1163.103,?
3628,?,1163.099,?
3629,?,1163.102,?
3630,?,1163.1,?
3631,?,1189.829,?
3632,?,1189.829,?
3633,?,1189.827,?
3634,?,1189.823,?
3635,?,1189.822,?
3636,?,1189.828,?
3637,?,1189.821,?
3638,?,1189.824,?
3639,?,1189.825,?
3640,?,1189.823,?
3641,?,1189.822,?
3642,?,1189.82,?
3643,?,1189.827,?
3644,?,1189.827,?
3645,?,1189.822,?
3646,?,1189.822,?
3647,?,1189.827,?
3648,?,1189.825,?
3649,?,1189.824,?
3650,?,1189.829,?
3651,?,1189.826,?
3652,?,1189.825,?
3653,?,1189.821,?
3654,?,1189.823,?
3655,?,1189.824,?
3656,?,1189.822,?
3657,?,1189.824,?
3658,?,1189.825,?
3659,?,1189.824,?
3660,?,1189.826,?
3661,?,1189.826,?
3662,?,1189.829,?
3663,?,1189.825,?
3664,?,1209.59,?
3665,?,1209.588,?
3666,?,1209.591,?
3667,?,1209.594,?
3668,?,1209.592,?
3669,?,1209.588,?
3670,?,1209.588,?
3671,?,1209.596,?
3672,?,1209.59,?
3673,?,1209.588,?
3674,?,1209.596,?
3675,?,1209.595,?
3676,?,1209.596,?
3677,?,1209.591,?
3678,?,1209.593,?
3679,?,1209.592,?
3680,?,1209.591,?
3681,?,1209.592,?
3682,?,1209.59,?
3683,?,1209.588,?
3684,?,1209.589,?
3685,?,1209.592,?
3686,?,1209.596,?
3687,?,1209.595,?
3688,?,1209.59,?
3689,?,1209.59,?
3690,?,1209.59,?
3691,?,1209.588,?
3692,?,1209.589,?
3693,?,1209.588,?
3694,?,1209.596,?
3695,?,1209.594,?
3696,?,1209.59,?
3697,?,1228.858,?
3698,?,1228.858,?
3699,?,1228.857,?
3700,?,1228.855,?
3701,?,1228.854,?
3702,?,1228.858,?
3703,?,1228.853,?
3704,?,1228.855,?
3705,?,1228.859,?
3706,?,1228.856,?
3707,?,1228.851,?
3708,?,1228.855,?
3709,?,1228.857,?
3710,?,1228.859,?
3711,?,1228.851,?
3712,?,1228.859,?
3713,?,1228.857,?
3714,?,1228.857,?
3715,?,1228.85,?
3716,?,1228.859,?
3717,?,1228.855,?
3718,?,1228.859,?
3719,?,1228.853,?
3720,?,1228.853,?
3721,?,1228.852,?
3722,?,1228.858,?
3723,?,1228.854,?
3724,?,1228.854,?
3725,?,1228.859,?
3726,?,1228.853,?
3727,?,1228.852,?
3728,?,1228.859,?
3729,?,1228.856,?
3730,?,1253.6,?
3731,?,1253.605,?
3732,?,1253.605,?
3733,?,1253.6,?
3734,?,1253.602,?
3735,?,1253.605,?
3736,?,1253.606,?
3737,?,1253.602,?
3738,?,1253.605,?
3739,?,1253.6,?
3740,?,1253.599,?
3741,?,1253.605,?
3742,?,1253.605,?
3743,?,1253.6,?
3744,?,1253.605,?
3745,?,1253.605,?
3746,?,1253.603,?
3747,?,1253.6,?
3748,?,1253.601,?
3749,?,1253.604,?
3750,?,1253.607,?
3751,?,1253.603,?
3752,?,1253.605,?
3753,?,1253.604,?
3754,?,1253.605,?
3755,?,1253.604,?
3756,?,1253.599,?
3757,?,1253.607,?
3758,?,1253.605,?
3759,?,1253.6,?
3760,?,1253.599,?
3761,?,1253.599,?
3762,?,1253.607,?
3763,?,1274.614,?
3764,?,1274.61,?
3765,?,1274.614,?
3766,?,1274.615,?
3767,?,1274.617,?
3768,?,1274.617,?
3769,?,1274.617,?
3770,?,1274.613,?
3771,?,1274.612,?
3772,?,1274.614,?
3773,?,1274.615,?
3774,?,1274.614,?
3775,?,1274.613,?
3776,?,1274.615,?
3777,?,1274.611,?
3778,?,1274.618,?
3779,?,1274.614,?
3780,?,1274.617,?
3781,?,1274.616,?
3782,?,1274.616,?
3783,?,1274.618,?
3784,?,1274.61,?
3785,?,1274.618,?
3786,?,1274.611,?
3787,?,1274.614,?
3788,?,1274.611,?
3789,?,1274.615,?
3790,?,1274.618,?
3791,?,1274.617,?
3792,?,1274.614,?
3793,?,1274.618,?
3794,?,1274.615,?
3795,?,1274.61,?
3796,?,1297.299,?
3797,?,1297.304,?
3798,?,1297.301,?
3799,?,1297.302,?
3800,?,1297.301,?
3801,?,1297.304,?
3802,?,1297.297,?
3803,?,1297.301,?
3804,?,1297.298,?
3805,?,1297.297,?
3806,?,1297.301,?
3807,?,1297.299,?
3808,?,1297.297,?
3809,?,1297.303,?
3810,?,1297.297,?
3811,?,1297.298,?
3812,?,1297.298,?
3813,?,1297.298,?
3814,?,1297.303,?
3815,?,1297.304,?
3816,?,1297.302,?
3817,?,1297.305,?
3818,?,1297.3,?
3819,?,1297.3,?
3820,?,1297.302,?
3821,?,1297.299,?
3822,?,1297.298,?
3823,?,1297.302,?
3824,?,1297.302,?
3825,?,1297.298,?
3826,?,1297.299,?
3827,?,1297.299,?
3828,?,1297.301,?
3829,?,1318.978,?
3830,?,1318.975,?
3831,?,1318.981,?
3832,?,1318.974,?
3833,?,1318.98,?
3834,?,1318.981,?
3835,?,1318.98,?
3836,?,1318.979,?
3837,?,1318.98,?
3838,?,1318.98,?
3839,?,1318.979,?
3840,?,1318.977,?
3841,?,1318.98,?
3842,?,1318.975,?
3843,?,1318.978,?
3844,?,1318.974,?
3845,?,1318.978,?
3846,?,1318.974,?
3847,?,1318.973,?
3848,?,1318.978,?
3849,?,1318.974,?
3850,?,1318.976,?
3851,?,1318.976,?
3852,?,1318.978,?
3853,?,1318.981,?
3854,?,1318.979,?
3855,?,1318.973,?
3856,?,1318.975,?
3857,?,1318.981,?
3858,?,1318.98,?
3859,?,1318.981,?
3860,?,1318.979,?
3861,?,1318.974,?
3862,?,1342.938,?
3863,?,1342.939,?
3864,?,1342.938,?
3865,?,1342.935,?
3866,?,1342.936,?
3867,?,1342.935,?
3868,?,1342.934,?
3869,?,1342.935,?
3870,?,1342.939,?
3871,?,1342.937,?
3872,?,1342.94,?
3873,?,1342.933,?
3874,?,1342.934,?
3875,?,1342.933,?
3876,?,1342.933,?
3877,?,1342.935,?
3878,?,1342.938,?
3879,?,1342.938,?
3880,?,1342.935,?
3881,?,1342.939,?
3882,?,1342.933,?
3883,?,1342.938,?
3884,?,1342.938,?
3885,?,1342.935,?
3886,?,1342.94,?
3887,?,1342.941,?
3888,?,1342.94,?
3889,?,1342.932,?
3890,?,1342.934,?
3891,?,1342.935,?
3892,?,1342.94,?
3893,?,1342.94,?
3894,?,1342.932,?
3895,?,1363.842,?
3896,?,1363.844,?
3897,?,1363.846,?
3898,?,1363.845,?
3899,?,1363.839,?
3900,?,1363.838,?
3901,?,1363.841,?
3902,?,1363.845,?
3903,?,1363.841,?
3904,?,1363.838,?
3905,?,1363.844,?
3906,?,1363.84,?
3907,?,1363.84,?
3908,?,1363.84,?
3909,?,1363.839,?
3910,?,1363.841,?
3911,?,1363.839,?
3912,?,1363.838,?
3913,?,1363.84,?
3914,?,1363.838,?
3915,?,1363.84,?
3916,?,1363.842,?
3917,?,1363.843,?
3918,?,1363.841,?
3919,?,1363.839,?
3920,?,1363.84,?
3921,?,1363.841,?
3922,?,1363.843,?
3923,?,1363.844,?
3924,?,1363.844,?
3925,?,1363.846,?
3926,?,1363.843,?
3927,?,1363.842,?
3928,?,1382.58,?
3929,?,1382.582,?
3930,?,1382.585,?
3931,?,1382.584,?
3932,?,1382.583,?
3933,?,1382.581,?
3934,?,1382.585,?
3935,?,1382.584,?
3936,?,1382.587,?
3937,?,1382.583,?
3938,?,1382.588,?
3939,?,1382.587,?
3940,?,1382.588,?
3941,?,1382.584,?
3942,?,1382.586,?
3943,?,1382.584,?
3944,?,1382.585,?
3945,?,1382.58,?
3946,?,1382.58,?
3947,?,1382.581,?
3948,?,1382.588,?
3949,?,1382.588,?
3950,?,1382.582,?
3951,?,1382.584,?
3952,?,1382.583,?
3953,?,1382.587,?
3954,?,1382.588,?
3955,?,1382.587,?
3956,?,1382.587,?
3957,?,1382.584,?
3958,?,1382.58,?
3959,?,1382.583,?
3960,?,1382.586,?
3961,?,1407.78,?
3962,?,1407.781,?
3963,?,1407.783,?
3964,?,1407.784,?
3965,?,1407.788,?
3966,?,1407.786,?
3967,?,1407.787,?
3968,?,1407.782,?
3969,?,1407.784,?
3970,?,1407.788,?
3971,?,1407.784,?
3972,?,1407.782,?
3973,?,1407.782,?
3974,?,1407.782,?
3975,?,1407.782,?
3976,?,1407.78,?
3977,?,1407.784,?
3978,?,1407.785,?
3979,?,1407.783,?
3980,?,1407.78,?
3981,?,1407.782,?
3982,?,1407.786,?
3983,?,1407.782,?
3984,?,1407.785,?
3985,?,1407.782,?
3986,?,1407.785,?
3987,?,1407.786,?
3988,?,1407.787,?
3989,?,1407.784,?
3990,?,1407.78,?
3991,?,1407.78,?
3992,?,1407.787,?
3993,?,1407.789,?
3994,?,1430.489,?
3995,?,1430.496,?
3996,?,1430.493,?
3997,?,1430.492,?
3998,?,1430.492,?
3999,?,1430.492,?
4000,?,1430.497,?
4001,?,1430.492,?
4002,?,1430.49,?
4003,?,1430.488,?
4004,?,1430.497,?
4005,?,1430.49,?
4006,?,1430.495,?
4007,?,1430.495,?
4008,?,1430.493,?
4009,?,1430.492,?
4010,?,1430.493,?
4011,?,1430.489,?
4012,?,1430.492,?
4013,?,1430.495,?
4014,?,1430.489,?
4015,?,1430.49,?
4016,?,1430.495,?
4017,?,1430.494,?
4018,?,1430.495,?
4019,?,1430.489,?
4020,?,1430.494,?
4021,?,1430.49,?
4022,?,1430.491,?
4023,?,1430.489,?
4024,?,1430.494,?
4025,?,1430.49,?
4026,?,1430.493,?
4027,?,794.432,?
4028,?,794.438,?
4029,?,794.431,?
4030,?,794.431,?
4031,?,794.437,?
4032,?,794.437,?
4033,?,794.437,?
4034,?,794.431,?
4035,?,794.433,?
4036,?,794.433,?
4037,?,794.438,?
4038,?,794.434,?
4039,?,794.435,?
4040,?,794.434,?
4041,?,794.435,?
4042,?,794.432,?
4043,?,794.437,?
4044,?,794.432,?
4045,?,794.43,?
4046,?,794.436,?
4047,?,794.433,?
4048,?,794.433,?
4049,?,794.436,?
4050,?,794.431,?
4051,?,794.435,?
4052,?,794.436,?
4053,?,794.437,?
4054,?,794.431,?
4055,?,794.435,?
4056,?,794.43,?
4057,?,794.435,?
4058,?,794.433,?
4059,?,794.435,?
4060,?,795.435,?
